-- phpMyAdmin SQL Dump
-- version 4.8.5
-- https://www.phpmyadmin.net/
--
-- Servidor: 127.0.0.1:3306
-- Tiempo de generación: 13-01-2021 a las 16:44:57
-- Versión del servidor: 5.7.26
-- Versión de PHP: 7.2.18

SET SQL_MODE = "NO_AUTO_VALUE_ON_ZERO";
SET AUTOCOMMIT = 0;
START TRANSACTION;
SET time_zone = "+00:00";


/*!40101 SET @OLD_CHARACTER_SET_CLIENT=@@CHARACTER_SET_CLIENT */;
/*!40101 SET @OLD_CHARACTER_SET_RESULTS=@@CHARACTER_SET_RESULTS */;
/*!40101 SET @OLD_COLLATION_CONNECTION=@@COLLATION_CONNECTION */;
/*!40101 SET NAMES utf8mb4 */;

--
-- Base de datos: `vitniksanluis`
--

-- --------------------------------------------------------

--
-- Estructura de tabla para la tabla `articulos`
--

DROP TABLE IF EXISTS `articulos`;
CREATE TABLE IF NOT EXISTS `articulos` (
  `letra` varchar(4) NOT NULL,
  `nombre` varchar(100) NOT NULL,
  `tipo` tinyint(3) UNSIGNED NOT NULL,
  `precio_unitario` decimal(10,2) UNSIGNED NOT NULL,
  `active_row` tinyint(1) NOT NULL DEFAULT '1',
  PRIMARY KEY (`letra`)
) ENGINE=InnoDB DEFAULT CHARSET=latin1;

--
-- Volcado de datos para la tabla `articulos`
--

INSERT INTO `articulos` (`letra`, `nombre`, `tipo`, `precio_unitario`, `active_row`) VALUES
('AASW', 'BABUCHA NEGRO  CORTE JEAN - T.M', 3, '1319.94', 1),
('AASX', 'BABUCHA NEGRO  CORTE JEAN - T.L', 3, '1319.94', 1),
('ACKW', 'CULOTTE NEGRO  DE BAÑO TIRO ALTO - T.2', 1, '949.90', 1),
('ACKX', 'CULOTTE NEGRO  DE BAÑO TIRO ALTO - T.3', 1, '949.90', 1),
('AHTA', 'JEGGING INDIGO  CON DETALLES DEL REVERSO - T.L', 1, '1699.90', 1),
('AHZZ', 'SOQUETE BLANCO  BÁSICO CON DETALLE EN RED - T.UNICO', 5, '234.95', 1),
('AIAA', 'SOQUETE NEGRO  BÁSICO CON DETALLE EN RED - T.UNICO', 1, '269.90', 1),
('AIAB', 'SOQUETE GRIS MELANGE  BÁSICO CON DETALLE EN RED - T.UNICO', 5, '234.95', 1),
('AIAQ', 'MEDIAS BLANCO  3/4 BÁSICAS - T.UNICO', 5, '299.95', 1),
('AIAS', 'MEDIAS GRIS MELANGE  3/4 BÁSICAS - T.UNICO', 5, '299.95', 1),
('AIOQ', 'REMERA CELESTE  CON ESTAMPA RAYAS - T.S', 2, '699.90', 1),
('AJKZ', 'SOQUETE BLANCO  BÁSICO - T.UNICO', 5, '234.95', 1),
('AJLA', 'SOQUETE NEGRO  BÁSICO - T.UNICO', 5, '234.95', 1),
('AJLB', 'SOQUETE GRIS MELANGE  BÁSICO - T.UNICO', 5, '216.63', 1),
('ALLY', 'MUSCULOSA VERDE ESMERALDA  CON ESPALDA CAVADA - T.M', 2, '449.90', 1),
('ALLZ', 'MUSCULOSA VERDE ESMERALDA  CON ESPALDA CAVADA - T.L', 2, '449.90', 1),
('ALMB', 'MUSCULOSA PURPURA  CON ESPALDA CAVADA - T.M', 2, '449.90', 1),
('ALNT', 'PANTALÓN PETROLEO  CORTE OXFORD - T.S', 2, '799.90', 1),
('AMZN', 'SOQUETE BLANCO  INVISIBLE - T.UNICO', 5, '216.63', 1),
('AMZO', 'SOQUETE NEGRO  INVISIBLE - T.UNICO', 5, '234.95', 1),
('AMZP', 'SOQUETE GRIS MELANGE  INVISIBLE - T.UNICO', 5, '234.95', 1),
('ANAM', 'CORPIÑO NEGRO  DE BAÑO TORZADO CON DETALLE ESTAMPADO - T.1', 2, '399.90', 1),
('AOUN', 'REMERA BLANCO  CON TAJOS LATERALES - T.S', 3, '599.94', 1),
('AOUO', 'REMERA BLANCO  CON TAJOS LATERALES - T.M', 5, '949.95', 1),
('AOUP', 'REMERA BLANCO  CON TAJOS LATERALES - T.L', 1, '999.90', 1),
('AOUQ', 'REMERA NEGRO  CON TAJOS LATERALES - T.S', 5, '949.95', 1),
('AOUS', 'REMERA NEGRO  CON TAJOS LATERALES - T.L', 3, '649.94', 1),
('AOUW', 'REMERA FRANCIA  CON TAJOS LATERALES - T.S', 5, '949.95', 1),
('AOUX', 'REMERA FRANCIA  CON TAJOS LATERALES - T.M', 5, '949.95', 1),
('AOVA', 'REMERA LIMÓN  CON TAJOS LATERALES - T.M', 5, '949.95', 1),
('AOVB', 'REMERA LIMÓN  CON TAJOS LATERALES - T.L', 5, '949.95', 1),
('AOVD', 'REMERA VERDE ESMERALDA  CON TAJOS LATERALES - T.M', 5, '949.95', 1),
('AOVE', 'REMERA VERDE ESMERALDA  CON TAJOS LATERALES - T.L', 5, '949.95', 1),
('AOVR', 'MUSCULOSA NEGRO  ESPALDA CAVADA - T.1', 2, '449.90', 1),
('AOZN', 'BABUCHA NEGRO  CORTE JEAN - T.XL', 3, '1319.94', 1),
('APHQ', 'CICLISTA PLATEADO  CON RECORTES EN MICROTUL - T.1', 2, '689.90', 1),
('APHR', 'CICLISTA PLATEADO  CON RECORTES EN MICROTUL - T.2', 2, '689.90', 1),
('APHU', 'CAPRI NEGRO  CON TIRAS LATERALES - T.3', 2, '689.90', 1),
('APIE', 'CAPRI NEGRO  CON RECORTE DELANTERO ESTAMPADO - T.1', 2, '689.90', 1),
('APKL', 'MUSCULOSA BLANCO  CON TAJOS LATERALES - T.S', 5, '849.95', 1),
('APKN', 'MUSCULOSA BLANCO  CON TAJOS LATERALES - T.L', 5, '849.95', 1),
('APKO', 'MUSCULOSA NEGRO  CON TAJOS LATERALES - T.S', 1, '899.90', 1),
('APKP', 'MUSCULOSA NEGRO  CON TAJOS LATERALES - T.M', 5, '849.95', 1),
('APKQ', 'MUSCULOSA NEGRO  CON TAJOS LATERALES - T.L', 5, '849.95', 1),
('APKS', 'MUSCULOSA VERDE ESMERALDA  CON TAJOS LATERALES - T.M', 5, '849.95', 1),
('APKT', 'MUSCULOSA VERDE ESMERALDA  CON TAJOS LATERALES - T.L', 5, '849.95', 1),
('APKU', 'MUSCULOSA NARANJA FLUO  CON TAJOS LATERALES - T.S', 5, '849.95', 1),
('APKW', 'MUSCULOSA NARANJA FLUO  CON TAJOS LATERALES - T.L', 5, '849.95', 1),
('APTB', 'BABUCHA NEGRO  CON DETALLE DE CIERRES - T.S', 2, '0.01', 1),
('AQHU', 'VEDETINA NEGRO  CON CINTURA ANIMAL PRINT - T.3', 5, '349.95', 1),
('AQLN', '\"REMERA BLANCO  ACORDONADA \"\"LEST´S RUMBLE\"\" - T.1\"', 2, '399.90', 1),
('AQNO', 'CICLISTA NEGRO  CON RECORTE EN MICROTUL - T.1', 1, '1499.90', 1),
('AQNP', 'CICLISTA NEGRO  CON RECORTE EN MICROTUL - T.2', 1, '1499.90', 1),
('AQNQ', 'CICLISTA NEGRO  CON RECORTE EN MICROTUL - T.3', 1, '1499.90', 1),
('AQPZ', 'MALLA NEGRO  ENTERIZA CON VOLADOS - T.1', 1, '1699.90', 1),
('AQQA', 'MALLA NEGRO  ENTERIZA CON VOLADOS - T.2', 1, '1699.90', 1),
('AQQB', 'MALLA NEGRO  ENTERIZA CON VOLADOS - T.3', 1, '1699.90', 1),
('AQQT', 'SOQUETES VERDE FLUO  PIQUÉ - T.UNICO-TU', 5, '274.95', 1),
('AQQV', 'SOQUETES FUCSIA FLUO  PIQUÉ - T.UNICO-TU', 5, '274.95', 1),
('AROC', 'CAPRI NEGRO  CON SHORT COMBINADO SUPERPUESTO - T.1', 2, '689.90', 1),
('ARZW', 'BODY BRONCE  CUELLO ALTO CON LATERALES COMBINADOS - T.1', 2, '799.90', 1),
('ASEY', 'CORPIÑO BLANCO  DEPORTIVO CON ELÁSTICO SUBLIMADO - T.2', 1, '699.90', 1),
('ASGO', 'BOXER AZUL NAVY  SEAMLESS BÁSICO - T.2', 5, '449.95', 1),
('ASGP', 'BOXER AZUL NAVY  SEAMLESS BÁSICO - T.3', 5, '449.95', 1),
('ASGR', 'BOXER BORDEAUX  SEAMLESS BÁSICO - T.2', 1, '499.90', 1),
('ASGS', 'BOXER BORDEAUX  SEAMLESS BÁSICO - T.3', 5, '449.95', 1),
('ASJD', 'JEGGING NEGRO  CON RUEDO IRREGULAR - T.1', 2, '969.90', 1),
('ATBJ', 'SOQUETE BLANCO  INVISIBLE DOBLE LÍNEA - T.UNICO-TU', 5, '234.95', 1),
('ATBL', 'SOQUETE GRIS MELANGE  INVISIBLE DOBLE LÍNEA - T.UNICO-TU', 5, '234.95', 1),
('ATSA', 'MINIVESTIDO NEGRO  CON RECORTE DE RED EN ESPALDA - T.2', 1, '2599.90', 1),
('ATWS', '\"MUSCULOSA ROJO  CON ESTAMPA \"\"CHANGE\"\" - T.S\"', 2, '0.01', 1),
('ATYI', 'REMERA OBISPO  CON TAJOS LATERALES - T.S', 3, '699.93', 1),
('ATYJ', 'REMERA OBISPO  CON TAJOS LATERALES - T.M', 5, '949.95', 1),
('ATYK', 'REMERA OBISPO  CON TAJOS LATERALES - T.L', 3, '699.93', 1),
('ATYM', 'BOXER BLANCO  SEAMLESS BÁSICO - T.2', 5, '449.95', 1),
('ATYN', 'BOXER BLANCO  SEAMLESS BÁSICO - T.3', 5, '449.95', 1),
('ATYO', 'BOXER NEGRO  SEAMLESS BÁSICO - T.1', 5, '449.95', 1),
('ATYP', 'BOXER NEGRO  SEAMLESS BÁSICO - T.2', 5, '449.95', 1),
('ATYQ', 'BOXER NEGRO  SEAMLESS BÁSICO - T.3', 5, '449.95', 1),
('ATYR', 'BOXER GRIS MELANGE  SEAMLESS BÁSICO - T.1', 5, '449.95', 1),
('ATYS', 'BOXER GRIS MELANGE  SEAMLESS BÁSICO - T.2', 5, '449.95', 1),
('ATYT', 'BOXER GRIS MELANGE  SEAMLESS BÁSICO - T.3', 5, '449.95', 1),
('AUBN', 'SUDADERA ROJO  DEPORTIVA CON CINTA LATERAL ESTAMPADA - T.M', 2, '0.01', 1),
('AUHC', 'SHORT NEGRO  SUPERPUESTO - T.S', 1, '1299.90', 1),
('AUHD', 'SHORT NEGRO  SUPERPUESTO - T.M', 1, '1299.90', 1),
('AUHE', 'SHORT NEGRO  SUPERPUESTO - T.L', 1, '1299.90', 1),
('AUHN', 'PANTALON GRIS MELANGE OSCURO  CON CARTERA Y TIRA LATERAL - T', 1, '1699.90', 1),
('AUHO', 'PANTALON GRIS MELANGE OSCURO  CON CARTERA Y TIRA LATERAL - T', 1, '1699.90', 1),
('AUHW', 'REMERA NEGRO  CON ATRAQUES EN MANGAS - T.M', 5, '899.95', 1),
('AUHX', 'REMERA NEGRO  CON ATRAQUES EN MANGAS - T.L', 5, '899.95', 1),
('AUIL', 'SHORT NEGRO  COMBINADO CON POWER SOFT SILVER - T.S', 1, '1299.90', 1),
('AUIM', 'SHORT NEGRO  COMBINADO CON POWER SOFT SILVER - T.M', 1, '1299.90', 1),
('AUIN', 'SHORT NEGRO  COMBINADO CON POWER SOFT SILVER - T.L', 3, '909.93', 1),
('AULI', 'REMERA VERDE ESMERALDA  DEPORTIVA CON ELÁSTICO EN ESPALDA - ', 2, '0.01', 1),
('AUPP', 'CAPRI NEGRO  CON BOLSILLO LATERAL - T.2', 1, '1999.90', 1),
('AUPQ', 'CAPRI NEGRO  CON BOLSILLO LATERAL - T.3', 1, '1999.90', 1),
('AUQT', 'SHORT NEGRO  CORTE JEAN - T.S', 1, '1459.90', 1),
('AUQU', 'SHORT NEGRO  CORTE JEAN - T.M', 1, '1459.90', 1),
('AUQV', 'SHORT NEGRO  CORTE JEAN - T.L', 1, '1459.90', 1),
('AUTJ', 'COLALESS BLANCO  DEPORTIVA CON ELÁSTICO SUBLIMADO - T.3', 5, '349.95', 1),
('AUUS', 'TOP GRIS PLATINO  DEPORTIVO CON DETALLE EN ESPALDA - T.2', 1, '699.90', 1),
('AUVY', 'CORPIÑO NEGRO  DE BAÑO TRIÁNGULO  - T.1', 1, '849.90', 1),
('AUVZ', 'CORPIÑO NEGRO  DE BAÑO TRIÁNGULO  - T.2', 1, '849.90', 1),
('AUWH', 'VEDETINA VERDE ESMERALDA  DE BAÑO ESTAMPADA CON TIRAS - T.1', 2, '399.90', 1),
('AUWO', 'TOP NEGRO  DE BAÑO VOLADO ASIMÉTRICO - T.2', 1, '949.90', 1),
('AVBB', '\"SOQUETE NEGRO  DEPORTIVO \"\"RUN\"\" - T.UNICO-TU\"', 1, '289.90', 1),
('AVBI', 'MUSCULOSA NEGRO  CUELLO ALTO - T.2', 5, '649.95', 1),
('AVBM', 'MUSCULOSA CRUDO  CUELLO ALTO - T.2', 5, '649.95', 1),
('AVMI', 'PANTALON GRIS MELANGE OSCURO  CON CARTERA Y TIRA LATERAL - T', 1, '1699.90', 1),
('AVSJ', 'PANTALON NEGRO  COMBINADO CON ELASTICO CON TRANSPARENCIA Y E', 1, '1499.90', 1),
('AVSK', 'PANTALON NEGRO  COMBINADO CON ELASTICO CON TRANSPARENCIA Y E', 1, '1499.90', 1),
('AVSL', 'PANTALON NEGRO  COMBINADO CON ELASTICO CON TRANSPARENCIA Y E', 1, '1499.90', 1),
('AVZJ', 'LEGGING GRIS MELANGE OSCURO  CON CORDON FLUOR - T.L', 1, '1899.90', 1),
('AWDK', 'SHORT NEGRO  DEPORTIVO COMBINADO CINTA REFLEX - T.S', 1, '1399.90', 1),
('AWDL', 'SHORT NEGRO  DEPORTIVO COMBINADO CINTA REFLEX - T.M', 1, '1399.90', 1),
('AWDM', 'SHORT NEGRO  DEPORTIVO COMBINADO CINTA REFLEX - T.L', 1, '1399.90', 1),
('AWDN', 'SHORT NEGRO  DEPORTIVO COMBINADO CINTA REFLEX - T.XL', 1, '1399.90', 1),
('AWIY', 'TOP CAMEL  DEPORTIVO ESTAMPADO ANIMAL PRINT - T.3', 2, '499.90', 1),
('AWJN', 'COLALESS GRIS MELANGE OSCURO  COMBINADA  T.3', 1, '389.90', 1),
('AWJY', 'VEDETINA ROJO  CON ELÁSTICO VITNIK - T.2', 5, '349.95', 1),
('AWKB', 'VEDETINA NEGRO  ELÁSTICO SUBLIMADO VITNIK - T.2', 5, '349.95', 1),
('AWKC', 'VEDETINA NEGRO  ELÁSTICO SUBLIMADO VITNIK - T.3', 1, '429.90', 1),
('AWKT', 'COLALESS NEGRO  ELASTICO CON LÙREX - T.2', 1, '329.90', 1),
('AWKU', 'COLALESS NEGRO  ELASTICO CON LÙREX - T.3', 5, '274.95', 1),
('AWLO', 'COLALESS BLANCO  ELASTICO CON LUREX - T.2', 1, '329.90', 1),
('AWLS', 'COLALESS ROJO  BASICA  - T.3', 5, '274.95', 1),
('AWMB', 'CICLISTA NEGRO  ELÁSTICO CON LOGO - T.2', 1, '1699.90', 1),
('AWOC', 'MINIFALDA NEGRO  PORTAFOLIO - T.1', 1, '1259.90', 1),
('AWON', 'SHORT NEGRO  ENGOMADO - T.1', 1, '1379.90', 1),
('AWOY', 'PORTACELULAR AMARILLO  CON BOQUILLA COMBINADA - T.UNICO-TU', 1, '499.90', 1),
('AWQA', 'COLALESS NEGRO  CON VOLADOS EN ESPALDA COMBINADOS - T.2', 1, '429.90', 1),
('AWUH', 'PACK AZUL NAVY  DE MEDIAS COMBINADAS  - T.UNICO-TU', 1, '439.90', 1),
('AWVJ', 'COLALESS BLANCO  CON VOLADITOS EN LATERAL - T.2', 5, '274.95', 1),
('AWVM', 'COLALESS NEGRO  CON VOLADITOS EN LATERAL - T.2', 5, '274.95', 1),
('AXFM', 'PORTA VERDE ENERGIA  CELULAR FITNESS - T.UNICO-TU', 1, '529.90', 1),
('AXHS', 'SHORT BLANCO  BAÑO PRINT HOJAS AZULES - T.M', 1, '1599.90', 1),
('AXHT', 'SHORT BLANCO  BAÑO PRINT HOJAS AZULES - T.L', 1, '1599.90', 1),
('AXHY', 'SHORT NEGRO  DE BAÑO PRINT FLORES FUCSIAS - T.M', 1, '1599.90', 1),
('AXIF', 'SHORT CRUDO  DE BAÑO PRINT HOJAS ACUARELA - T.L', 1, '1599.90', 1),
('AXII', 'SHORT ROSA  DE BAÑO PRINT BEACH - T.L', 2, '999.90', 1),
('AXIK', 'SHORT AMARILLO BEBE  DE BAÑO PRINT SEASHELLS - T.M', 3, '979.93', 1),
('AXIL', 'SHORT AMARILLO BEBE  DE BAÑO PRINT SEASHELLS - T.L', 3, '979.93', 1),
('AXIO', 'SHORT NEGRO  DE BAÑO LISO CON ESTAMPA - T.L', 1, '1499.90', 1),
('AXIQ', '\"CAMPERA NARANJA FLUO  CON ESTAMPA EN MANGA \"\"VK KEEP GOING ON\"', 2, '1179.90', 1),
('AXIR', '\"CAMPERA NARANJA FLUO  CON ESTAMPA EN MANGA \"\"VK KEEP GOING ON\"', 2, '1179.90', 1),
('AXIV', 'PORTACELULAR NARANJA FLUO  CON BOQUILLA COMBINADA - T.UNICO-', 3, '299.94', 1),
('AXIW', 'MOCHILA GRIS PLATINO  DEPORTIVA - T.UNICO-TU', 3, '1979.94', 1),
('AXIX', 'MOCHILA VERDE LIMA  DEPORTIVA - T.UNICO-TU', 3, '1979.94', 1),
('AXJD', 'REMERA NARANJA FLUO  CON TAJOS LATERALES - T.M', 3, '599.94', 1),
('AXJE', 'REMERA NARANJA FLUO  CON TAJOS LATERALES - T.L', 1, '999.90', 1),
('AXJG', 'MUSCULOSA FUCSIA  CUELLO ALTO - T.2', 5, '649.95', 1),
('AXJI', 'MUSCULOSA AMARILLO  CUELLO ALTO - T.2', 5, '649.95', 1),
('AXJJ', 'REMERA CELESTE  CON ATRAQUES EN MANGAS - T.S', 5, '899.95', 1),
('AXJK', 'REMERA CELESTE  CON ATRAQUES EN MANGAS - T.M', 5, '899.95', 1),
('AXJL', 'REMERA CELESTE  CON ATRAQUES EN MANGAS - T.L', 5, '899.95', 1),
('AXJM', 'REMERA CORAL  CON ATRAQUES EN MANGAS - T.S', 5, '899.95', 1),
('AXJN', 'REMERA CORAL  CON ATRAQUES EN MANGAS - T.M', 5, '899.95', 1),
('AXJO', 'REMERA CORAL  CON ATRAQUES EN MANGAS - T.L', 5, '899.95', 1),
('AXJQ', 'REMERA VERDE  CON ATRAQUES EN MANGAS - T.M', 5, '899.95', 1),
('AXJR', 'REMERA VERDE  CON ATRAQUES EN MANGAS - T.L', 5, '899.95', 1),
('AXJT', 'REMERA AMARILLO NEÓN  CON ATRAQUES EN MANGAS - T.M', 5, '899.95', 1),
('AXJV', 'PALAZZO ROJO  CON LAZO EN CINTURA - T.S', 1, '1499.90', 1),
('AXJX', 'PALAZZO ROJO  CON LAZO EN CINTURA - T.L', 1, '1499.90', 1),
('AXKA', 'REMERON FUCSIA  DEPORTIVO - T.L', 1, '1099.90', 1),
('AXKC', 'REMERON FRANCIA  DEPORTIVO - T.M', 1, '1099.90', 1),
('AXKD', 'REMERON FRANCIA  DEPORTIVO - T.L', 1, '1099.90', 1),
('AXMZ', 'MUSCULOSA VERDE FLUO  CON TAJOS LATERALES - T.M', 5, '849.95', 1),
('AXNA', 'MUSCULOSA VERDE FLUO  CON TAJOS LATERALES - T.L', 5, '849.95', 1),
('AXNC', 'LEGGING NEGRO  ESTAMPADO CINTURA COMBINADA - T.2', 2, '1589.90', 1),
('AXNF', 'LEGGING GRIS PLATINO  PRINT HOJAS - T.1', 2, '1589.90', 1),
('AXNJ', 'CICLISTA NARANJA FLUO  BÁSICO - T.1', 1, '1149.90', 1),
('AXNK', 'CICLISTA NARANJA FLUO  BÁSICO - T.2', 1, '1149.90', 1),
('AXNO', 'CAPRI NEGRO  PRINT ABSTRACTO - T.2', 3, '1469.93', 1),
('AXNQ', 'CAPRI VIOLETA  BATIK CON RECORTE COMBINADO - T.2', 1, '2099.90', 1),
('AXNR', 'TOP VERDE OLIVA  CAMUFLADO - T.1', 1, '899.90', 1),
('AXNS', 'TOP VERDE OLIVA  CAMUFLADO - T.2', 1, '899.90', 1),
('AXNT', 'TOP AMARILLO NEÓN  COMBINADO ELÁSTICO CON LOGO - T.1', 1, '1049.90', 1),
('AXNV', 'BANDÓ NARANJA FLUO  CLÁSICO - T.1', 1, '499.90', 1),
('AXNW', 'BANDÓ NARANJA FLUO  CLÁSICO - T.2', 1, '499.90', 1),
('AXNZ', 'REMERA NEGRO  HOMBROS DESCUBIERTOS - T.1', 1, '699.90', 1),
('AXOA', 'REMERA NEGRO  HOMBROS DESCUBIERTOS - T.2', 1, '699.90', 1),
('AXOC', 'REMERA ROJO  HOMBROS DESCUBIERTOS - T.2', 1, '699.90', 1),
('AXOO', '\"REMERA NEGRO  \"\"GOOD INTENTIONS BAD HABITS\"\" - T.M\"', 1, '949.90', 1),
('AXOP', '\"REMERA NEGRO  \"\"GOOD INTENTIONS BAD HABITS\"\" - T.L\"', 1, '949.90', 1),
('AXOQ', '\"REMERA NEGRO  \"\"GOOD INTENTIONS BAD HABITS\"\" - T.XL\"', 1, '949.90', 1),
('AXOR', '\"REMERA AZUL NAVY  COLOR-BLOCK \"\"VK NO LIMITS\"\" - T.S\"', 1, '1099.90', 1),
('AXOS', '\"REMERA AZUL NAVY  COLOR-BLOCK \"\"VK NO LIMITS\"\" - T.M\"', 1, '1099.90', 1),
('AXOT', '\"REMERA AZUL NAVY  COLOR-BLOCK \"\"VK NO LIMITS\"\" - T.L\"', 1, '1099.90', 1),
('AXOU', '\"REMERA AZUL NAVY  COLOR-BLOCK \"\"VK NO LIMITS\"\" - T.XL\"', 1, '1099.90', 1),
('AXOV', 'VESTIDO NEGRO  CAMISERO CON LAZO - T.S', 2, '1399.90', 1),
('AXOW', 'VESTIDO NEGRO  CAMISERO CON LAZO - T.M', 2, '1399.90', 1),
('AXOX', 'VESTIDO NEGRO  CAMISERO CON LAZO - T.L', 2, '1399.90', 1),
('AXOZ', 'PANTALÓN NEGRO  CROPPED CON GALÓN LATERAL - T.M', 1, '1299.90', 1),
('AXPD', 'BABUCHA NEGRO  CARGO - T.L', 3, '1299.94', 1),
('AXPG', 'BABUCHA VERDE MUSGO  CARGO - T.L', 3, '1189.93', 1),
('AXPI', 'PANTALÓN NEGRO  CON CINTURA Y RECORTE ENGOMADO - T.M', 1, '1599.90', 1),
('AXPK', 'PANTALÓN ROJO  CON CINTURA Y RECORTE ENGOMADO - T.S', 2, '1029.90', 1),
('AXPP', 'SHORT NEGRO  CON BOLSILLOS PLAQUÉ - T.L', 1, '1149.90', 1),
('AXPR', 'PANTALÓN NEGRO  DEPORTIVO CON CINTA LATERAL - T.M', 1, '1199.90', 1),
('AXPS', 'PANTALÓN NEGRO  DEPORTIVO CON CINTA LATERAL - T.L', 1, '1199.90', 1),
('AXPU', 'PANTALON NEGRO  CROPPED CINTURA ELÁSTICA CON LOGO - T.M', 1, '1099.90', 1),
('AXPV', 'PANTALON NEGRO  CROPPED CINTURA ELÁSTICA CON LOGO - T.L', 1, '1099.90', 1),
('AXPW', 'SHORT NEGRO  COMBINADO CON CINTA SUBLIMADA - T.S', 1, '899.90', 1),
('AXPX', 'SHORT NEGRO  COMBINADO CON CINTA SUBLIMADA - T.M', 1, '899.90', 1),
('AXPY', 'SHORT NEGRO  COMBINADO CON CINTA SUBLIMADA - T.L', 1, '899.90', 1),
('AXQA', 'SHORT NARANJA FLUO  DEPORTIVO COMBINADO - T.M', 3, '531.93', 1),
('AXQB', 'SHORT NARANJA FLUO  DEPORTIVO COMBINADO - T.L', 1, '759.90', 1),
('AXQF', 'BUZO BLANCO  SUBLIMADO ACEBRADO - T.S', 2, '929.90', 1),
('AXQJ', 'CAMPERA NEGRO  BOMBER CINTA SUBLIMADA EN HOMBROS - T.M', 1, '1999.90', 1),
('AXQN', 'CAMPERA AMARILLO NEÓN  BOMBER CORTA FRANJA EN MANGA  T.L', 2, '1059.90', 1),
('AXQO', 'CHALECO NARANJA FLUO  CON APLIQUE DE CINTA Y TAJOS LATERALES', 2, '799.90', 1),
('AXQR', 'CHALECO AMARILLO NEÓN  CON APLIQUE DE CINTA Y TAJOS LATERALE', 1, '1399.90', 1),
('AXRG', 'CAPRI NEGRO  BÁSICO - T.3', 1, '1999.90', 1),
('AXRI', 'CAPRI ROJO  BÁSICO - T.2', 1, '1999.90', 1),
('AXRJ', 'CAPRI ROJO  BÁSICO - T.3', 1, '1999.90', 1),
('AXRK', 'CAPRI FRANCIA  BÁSICO - T.1', 1, '1999.90', 1),
('AXRN', 'MUSCULOSA NEGRO  ESCOTE HALTER - T.1', 1, '799.90', 1),
('AXRO', 'MUSCULOSA NEGRO  ESCOTE HALTER - T.2', 1, '799.90', 1),
('AXRZ', 'REMERA BLANCO  COMBINADA CON MICROPUNTEADO - T.XL', 1, '1149.90', 1),
('AXSF', 'REMERA NEGRO  DELANTERO SUBLIMADO CON MANGA COMBINADA - T.M', 1, '1329.90', 1),
('AXSG', 'REMERA NEGRO  DELANTERO SUBLIMADO CON MANGA COMBINADA - T.L', 1, '1329.90', 1),
('AXSH', 'REMERA NEGRO  DELANTERO SUBLIMADO CON MANGA COMBINADA - T.XL', 1, '1329.90', 1),
('AXSN', 'REMERA NEGRO  COMBINADA ESTAMPA VKX - T.M', 1, '1259.90', 1),
('AXSO', 'REMERA NEGRO  COMBINADA ESTAMPA VKX - T.L', 1, '1259.90', 1),
('AXSV', 'REMERA VERDE ESMERALDA  COMBINADA FRENTE SUBLIMADO - T.M', 1, '1329.90', 1),
('AXSW', 'REMERA VERDE ESMERALDA  COMBINADA FRENTE SUBLIMADO - T.L', 1, '1329.90', 1),
('AXSX', 'REMERA VERDE ESMERALDA  COMBINADA FRENTE SUBLIMADO - T.XL', 1, '1329.90', 1),
('AXTF', '\"MUSCULOSA NEGRO  COMBINADA \"\"STRONG\"\" - T.M\"', 1, '1099.90', 1),
('AXTH', 'MUSCULOSA NEGRO  SUBLIMADO COMBINADO - T.S', 1, '1149.90', 1),
('AXTJ', 'MUSCULOSA NEGRO  SUBLIMADO COMBINADO - T.L', 1, '1149.90', 1),
('AXTL', '\"MUSCULOSA NEGRO  PRINT CAMUFLADO \"\"TRNG\"\" - T.M\"', 2, '659.90', 1),
('AXTO', '\"MUSCULOSA NEGRO  \"\"SEE YOU ON THE RUNWAY\"\" - T.M\"', 1, '1049.90', 1),
('AXTS', '\"MUSCULOSA NEGRO  SUBLIMADO BATIK \"\"VK NO LIMITS\"\" - T.L\"', 1, '1149.90', 1),
('AXTU', 'MUSCULOSA NEGRO  CON CINTA SUBLIMADA EN ESPALDA - T.M', 1, '949.90', 1),
('AXTV', 'MUSCULOSA NEGRO  CON CINTA SUBLIMADA EN ESPALDA - T.L', 1, '949.90', 1),
('AXUG', 'MUSCULOSA NEGRO  CON VOLADO - T.S', 1, '799.90', 1),
('AXUH', 'MUSCULOSA NEGRO  CON VOLADO - T.M', 1, '799.90', 1),
('AXUO', 'PANTALON NEGRO  PALAZZO CON PINZAS - T.L', 1, '1399.90', 1),
('AXUT', 'SHORT NEGRO  AMPLIO CON BOLSILLOS - T.M', 1, '899.90', 1),
('AXUU', 'SHORT NEGRO  AMPLIO CON BOLSILLOS - T.L', 1, '899.90', 1),
('AXVI', 'REMERA NEGRO  BICOLOR CON ABERTURA EN MANGAS - T.M', 1, '829.90', 1),
('AXVK', 'REMERA FUCSIA  GOTA CALADA - T.S', 2, '589.90', 1),
('AXVN', 'MUSCULOSA NEGRO  ESCOTE CUADRADO - T.S', 1, '899.90', 1),
('AXVO', 'MUSCULOSA NEGRO  ESCOTE CUADRADO - T.M', 1, '899.90', 1),
('AXVP', 'MUSCULOSA NEGRO  ESCOTE CUADRADO - T.L', 5, '799.95', 1),
('AXVQ', 'MUSCULOSA AMARILLO  ESCOTE CUADRADO - T.S', 1, '899.90', 1),
('AXVS', 'MUSCULOSA AMARILLO  ESCOTE CUADRADO - T.L', 5, '799.95', 1),
('AXVU', 'MUSCULOSA VERDE OLIVA  ESCOTE CUADRADO - T.M', 1, '899.90', 1),
('AXVV', 'MUSCULOSA VERDE OLIVA  ESCOTE CUADRADO - T.L', 5, '799.95', 1),
('AXVY', 'MUSCULOSA MANDARINA  ESCOTE CUADRADO - T.L', 5, '799.95', 1),
('AXVZ', 'MUSCULOSA NEGRO  COLOR-BLOCK - T.S', 2, '599.90', 1),
('AXWA', 'MUSCULOSA NEGRO  COLOR-BLOCK - T.M', 2, '599.90', 1),
('AXWD', 'MUSCULOSA MANDARINA  COLOR-BLOCK - T.M', 2, '589.90', 1),
('AXWE', 'MUSCULOSA MANDARINA  COLOR-BLOCK - T.L', 2, '589.90', 1),
('AXWF', 'BODY NEGRO  CON VISTA A CONTRATONO - T.1', 1, '799.90', 1),
('AXWG', 'BODY NEGRO  CON VISTA A CONTRATONO - T.2', 1, '799.90', 1),
('AXWL', 'TOP NEGRO  HOMBROS DESCUBIERTOS CON PUNTILLA - T.1', 3, '419.94', 1),
('AXWO', 'LEGGING NEGRO  CON CIERRES DELANTEROS - T.2', 2, '1299.90', 1),
('AXWQ', 'LEGGING NEGRO  CON ESTAMPA Y CINTURA COMBINADA - T.1', 3, '1139.94', 1),
('AXWR', 'LEGGING NEGRO  CON ESTAMPA Y CINTURA COMBINADA - T.2', 1, '1899.90', 1),
('AXWT', 'LEGGING NEGRO  CON RECORTES Y ESTAMPA LATERAL - T.2', 1, '1899.90', 1),
('AXWW', 'LEGGING NEGRO  COMBINADO CON FRANJA ACEBRADA - T.1', 1, '1499.90', 1),
('AXWY', 'CICLISTA NEGRO  BÁSICO - T.1', 1, '1349.90', 1),
('AXWZ', 'CICLISTA NEGRO  BÁSICO - T.2', 1, '1349.90', 1),
('AXXA', 'CICLISTA NEGRO  BÁSICO - T.3', 1, '1349.90', 1),
('AXXB', 'CAPRI NEGRO  COMBINADO CON ESTAMPA Y CINTURA ELASTICA - T.1', 1, '1599.90', 1),
('AXXC', 'CAPRI NEGRO  COMBINADO CON ESTAMPA Y CINTURA ELASTICA - T.2', 1, '1599.90', 1),
('AXXE', 'CAPRI NEGRO  COMBINADO PRINT BATIK - T.2', 1, '1699.90', 1),
('AXXG', 'CAPRI NEGRO  CON ELÁSTICO CON LOGO - T.2', 1, '1299.90', 1),
('AXXH', 'CAPRI NEGRO  CON ELÁSTICO CON LOGO - T.3', 1, '1299.90', 1),
('AXXI', 'CAPRI FRANCIA  CON ELÁSTICO CON LOGO - T.1', 1, '1299.90', 1),
('AXXK', 'CAPRI FRANCIA  CON ELÁSTICO CON LOGO - T.3', 1, '1299.90', 1),
('AXXP', 'CAPRI GRIS MELANGE OSCURO  COMBINADO CON ESTAMPA LATERAL - T', 1, '1499.90', 1),
('AXXR', 'CAMPERA NEGRO  COMBINADA RECORTE ESTAMPADO - T.M', 2, '1659.90', 1),
('AXXT', 'TOP BLANCO  CON RECORTE DE MICROTUL AL TONO - T.1', 1, '699.90', 1),
('AXXU', 'TOP BLANCO  CON RECORTE DE MICROTUL AL TONO - T.2', 1, '699.90', 1),
('AXXY', 'TOP NEGRO  HOMBRO ELÁSTICO CON LOGO - T.2', 2, '549.90', 1),
('AXYC', 'REMERA FUCSIA FLUO  CON RECORTE LATERAL Y CINTA APLICADA - T', 2, '699.90', 1),
('AXYK', 'REMERA FUCSIA  CON CINTA EN HOMBROS - T.S', 1, '859.90', 1),
('AXYL', 'REMERA FUCSIA  CON CINTA EN HOMBROS - T.M', 1, '859.90', 1),
('AXYQ', 'REMERA VERDE OLIVA  CON CINTA EN HOMBROS - T.S', 2, '619.90', 1),
('AXYU', 'REMERA FRANCIA  CON RECORTE COMBINADO EN MANGAS - T.M', 1, '1149.90', 1),
('AXZC', 'REMERA GRIS PLATINO  MANGA COMBINADA CON ESTAMPA RÉFLEX - T.', 1, '1149.90', 1),
('AXZD', 'REMERA GRIS PLATINO  MANGA COMBINADA CON ESTAMPA RÉFLEX - T.', 1, '1149.90', 1),
('AXZE', 'REMERA GRIS PLATINO  MANGA COMBINADA CON ESTAMPA RÉFLEX - T.', 1, '1149.90', 1),
('AXZF', 'REMERA VERDE FLUO  DEPORTIVA COMBINADA DETALLE RÉFLEX - T.S', 1, '859.90', 1),
('AXZG', 'REMERA VERDE FLUO  DEPORTIVA COMBINADA DETALLE RÉFLEX - T.M', 1, '859.90', 1),
('AXZH', 'REMERA VERDE FLUO  DEPORTIVA COMBINADA DETALLE RÉFLEX - T.L', 1, '859.90', 1),
('AYAC', 'SHORT FRANCIA  COMBINADO CON VIVO A CONTRATONO - T.L', 1, '1149.90', 1),
('AYAD', 'SHORT FRANCIA  COMBINADO CON VIVO A CONTRATONO - T.XL', 1, '1149.90', 1),
('AYAF', 'SHORT GRIS PLOMO  COMBINADO CON VIVO A CONTRATONO - T.M', 1, '1149.90', 1),
('AYAG', 'SHORT GRIS PLOMO  COMBINADO CON VIVO A CONTRATONO - T.L', 1, '1149.90', 1),
('AYAJ', 'SHOR GRIS PLATINO  CON CINTA ESTAMPADA EN LATERAL - T.M', 1, '1149.90', 1),
('AYAT', 'CAMISOLA CRUDO  CON BORLAS EN MANGAS - T.M', 1, '1199.90', 1),
('AYAU', 'CAMISOLA CRUDO  CON BORLAS EN MANGAS - T.L', 1, '1199.90', 1),
('AYBC', 'BERMUDA AMARILLO  CON GALÓN LATERAL - T.M', 2, '929.90', 1),
('AYBE', 'REMERA NEGRO  CON TEJIDO EN CUELLO - T.S', 5, '899.95', 1),
('AYBF', 'REMERA NEGRO  CON TEJIDO EN CUELLO - T.M', 5, '899.95', 1),
('AYBG', 'REMERA NEGRO  CON TEJIDO EN CUELLO - T.L', 5, '899.95', 1),
('AYBI', 'REMERA ROJO  CON TEJIDO EN CUELLO - T.M', 5, '899.95', 1),
('AYBJ', 'REMERA ROJO  CON TEJIDO EN CUELLO - T.L', 1, '1099.90', 1),
('AYBK', 'REMERA CRUDO  CON TEJIDO EN CUELLO - T.S', 5, '899.95', 1),
('AYBL', 'REMERA CRUDO  CON TEJIDO EN CUELLO - T.M', 5, '899.95', 1),
('AYBM', 'REMERA CRUDO  CON TEJIDO EN CUELLO - T.L', 5, '899.95', 1),
('AYBN', 'REMERA MOSTAZA  CON TEJIDO EN CUELLO - T.S', 5, '899.95', 1),
('AYBP', 'REMERA MOSTAZA  CON TEJIDO EN CUELLO - T.L', 5, '899.95', 1),
('AYBQ', 'REMERA NEGRO  CON TAJO EN MANGAS Y ESTAMPA SERPIENTE - T.S', 2, '799.90', 1),
('AYBR', 'REMERA NEGRO  CON TAJO EN MANGAS Y ESTAMPA SERPIENTE - T.M', 2, '799.90', 1),
('AYBT', 'MUSCULOSA NEGRO  CON TAJOS LATERALES - T.S', 5, '799.95', 1),
('AYBU', 'MUSCULOSA NEGRO  CON TAJOS LATERALES - T.M', 5, '799.95', 1),
('AYBW', 'MUSCULOSA CELESTE  CON TAJOS LATERALES - T.S', 5, '799.95', 1),
('AYBX', 'MUSCULOSA CELESTE  CON TAJOS LATERALES - T.M', 5, '799.95', 1),
('AYBY', 'MUSCULOSA CELESTE  CON TAJOS LATERALES - T.L', 5, '799.95', 1),
('AYBZ', 'MUSCULOSA CORAL  CON TAJOS LATERALES - T.S', 5, '799.95', 1),
('AYCA', 'MUSCULOSA CORAL  CON TAJOS LATERALES - T.M', 5, '799.95', 1),
('AYCB', 'MUSCULOSA CORAL  CON TAJOS LATERALES - T.L', 5, '799.95', 1),
('AYCC', 'MUSCULOSA AMARILLO NEÓN  CON TAJOS LATERALES - T.S', 5, '799.95', 1),
('AYCD', 'MUSCULOSA AMARILLO NEÓN  CON TAJOS LATERALES - T.M', 5, '799.95', 1),
('AYCE', 'MUSCULOSA AMARILLO NEÓN  CON TAJOS LATERALES - T.L', 5, '799.95', 1),
('AYCF', 'KIMONO NEGRO  BÁSICO - T.UNICO-TU', 1, '1299.90', 1),
('AYCG', 'KIMONO MOSTAZA  BÁSICO - T.UNICO-TU', 1, '1499.90', 1),
('AYCH', 'REMERA BLANCO  COMBINADA ELÁSTICO CON TRANSPARENCIA - T.S', 2, '659.90', 1),
('AYCL', 'REMERA LIMÓN  COMBINADA ELÁSTICO CON TRANSPARENCIA - T.M', 1, '899.90', 1),
('AYCM', 'REMERA LIMÓN  COMBINADA ELÁSTICO CON TRANSPARENCIA - T.L', 1, '899.90', 1),
('AYCN', 'SHORT BLANCO  COMBINADO CON ESTAMPA EN RECORTE - T.S', 1, '899.90', 1),
('AYCO', 'SHORT BLANCO  COMBINADO CON ESTAMPA EN RECORTE - T.M', 1, '899.90', 1),
('AYCP', 'SHORT BLANCO  COMBINADO CON ESTAMPA EN RECORTE - T.L', 1, '899.90', 1),
('AYCQ', 'MINIFALDA BLANCO  CRUZADA CON SHORT INTERNO - T.1', 1, '1349.90', 1),
('AYCR', 'MINIFALDA BLANCO  CRUZADA CON SHORT INTERNO - T.2', 1, '1349.90', 1),
('AYCY', 'MONO ROSA  ESCOTE CRUZADO CON LAZO - T.S', 1, '1299.90', 1),
('AYCZ', 'MONO ROSA  ESCOTE CRUZADO CON LAZO - T.M', 1, '1299.90', 1),
('AYDH', 'VESTIDO CRUDO  ANIMAL PRINT CON RECORTES - T.S', 2, '929.90', 1),
('AYDU', 'PANTALON GRIS MELANGE OSCURO  COMBINADO CON CINTA APLICADA -', 1, '1949.90', 1),
('AYDY', 'SHORT GRIS MELANGE OSCURO  COMBINADO CON CINTA APLICADA - T.', 1, '1149.90', 1),
('AYDZ', 'SHORT GRIS MELANGE OSCURO  COMBINADO CON CINTA APLICADA - T.', 1, '1149.90', 1),
('AYEA', 'BERMUDA GRIS MELANGE OSCURO  CON CINTA SUBLIMADA NEGRA - T.S', 1, '1549.90', 1),
('AYEB', 'BERMUDA GRIS MELANGE OSCURO  CON CINTA SUBLIMADA NEGRA - T.M', 1, '1549.90', 1),
('AYEE', 'PANTALÓN CRUDO MELANGE  CROPPED CON GALÓN LATERAL  T.S', 2, '999.90', 1),
('AYEF', 'PANTALÓN CRUDO MELANGE  CROPPED CON GALÓN LATERAL  T.M', 2, '999.90', 1),
('AYEG', 'PANTALÓN CRUDO MELANGE  CROPPED CON GALÓN LATERAL  T.L', 2, '999.90', 1),
('AYEI', 'REMERA NEGRO  COMBINADA DETALLE LASER TECH - T.M', 1, '1149.90', 1),
('AYEL', 'REMERA FRANCIA  COMBINADA DETALLE LASER TECH - T.M', 1, '899.90', 1),
('AYEM', 'REMERA FRANCIA  COMBINADA DETALLE LASER TECH - T.L', 1, '899.90', 1),
('AYEQ', 'MUSCULOSA OBISPO  COMBINADA DETALLE RÉFLEX - T.S', 1, '899.90', 1),
('AYER', 'MUSCULOSA OBISPO  COMBINADA DETALLE RÉFLEX - T.M', 3, '629.93', 1),
('AYES', 'MUSCULOSA OBISPO  COMBINADA DETALLE RÉFLEX - T.L', 1, '899.90', 1),
('AYET', 'REMERÓN NEGRO  CON RECORTE ESTAMPADO - T.1', 1, '999.90', 1),
('AYEU', 'REMERÓN NEGRO  CON RECORTE ESTAMPADO - T.2', 1, '999.90', 1),
('AYEX', 'LEGGING GRIS PLOMO  ESTAMPADO ACEBRADO  - T.1', 3, '959.94', 1),
('AYEY', 'LEGGING GRIS PLOMO  ESTAMPADO ACEBRADO  - T.2', 3, '959.94', 1),
('AYEZ', 'CICLISTA BLANCO  ACEBRADO - T.1', 1, '1099.90', 1),
('AYFC', 'TOP NEGRO  ESCOTE HALTER - T.2', 3, '489.93', 1),
('AYFD', 'REMERA NEGRO  APLIQUE BESO - T.S', 1, '1449.90', 1),
('AYFF', 'REMERA NEGRO  APLIQUE BESO - T.L', 1, '1449.90', 1),
('AYFL', '\"REMERA VERDE  \"\"DOLCE FAR NIENTE\"\" - T.L\"', 1, '1199.90', 1),
('AYFN', '\"REMERA BLANCO  \"\"CHOOSE YOUR ADVENTURE\"\" - T.M\"', 1, '1249.90', 1),
('AYFO', '\"REMERA BLANCO  \"\"CHOOSE YOUR ADVENTURE\"\" - T.L\"', 1, '1249.90', 1),
('AYFR', 'CHOMBA NEGRO  CARTERA COMBINADA - T.M', 2, '899.90', 1),
('AYFV', 'REMERA BLANCO  BÁSICA - T.M', 5, '699.95', 1),
('AYFY', 'REMERA NEGRO  BÁSICA - T.M', 5, '699.95', 1),
('AYFZ', 'REMERA NEGRO  BÁSICA - T.L', 5, '699.95', 1),
('AYGB', 'REMERA GRIS MELANGE  BÁSICA - T.M', 5, '699.95', 1),
('AYGC', 'REMERA GRIS MELANGE  BÁSICA - T.L', 5, '699.95', 1),
('AYGE', 'REMERA AMARILLO  BÁSICA - T.M', 5, '699.95', 1),
('AYGF', 'REMERA AMARILLO  BÁSICA - T.L', 5, '699.95', 1),
('AYGH', 'REMERA VERDE FLUO  BÁSICA - T.M', 5, '699.95', 1),
('AYGI', 'REMERA VERDE FLUO  BÁSICA - T.L', 5, '699.95', 1),
('AYGN', 'REMERA AZUL NAVY MELANGE  BÁSICA - T.M', 5, '699.95', 1),
('AYGO', 'REMERA AZUL NAVY MELANGE  BÁSICA - T.L', 5, '699.95', 1),
('AYGX', 'REMERA BLANCO  CIAO! - T.S', 2, '599.90', 1),
('AYHA', 'VESTIDO NEGRO  CON GALÓN - T.S', 1, '1099.90', 1),
('AYHB', 'VESTIDO NEGRO  CON GALÓN - T.M', 1, '1099.90', 1),
('AYHC', 'VESTIDO NEGRO  CON GALÓN - T.L', 1, '1099.90', 1),
('AYHD', 'REMERA NEGRO  CON RECORTE DE MICROTUL - T.S', 1, '799.90', 1),
('AYHE', 'REMERA NEGRO  CON RECORTE DE MICROTUL - T.M', 1, '799.90', 1),
('AYHF', 'REMERA NEGRO  CON RECORTE DE MICROTUL - T.L', 1, '799.90', 1),
('AYHH', 'REMERA GRIS MELANGE OSCURO  CON RECORTE DE MICROTUL - T.M', 1, '799.90', 1),
('AYHI', 'REMERA GRIS MELANGE OSCURO  CON RECORTE DE MICROTUL - T.L', 1, '799.90', 1),
('AYHM', 'VESTIDO ROJO  REMERÓN CON TEJIDO EN RUEDO - T.S', 1, '1499.90', 1),
('AYHN', 'VESTIDO ROJO  REMERÓN CON TEJIDO EN RUEDO - T.M', 1, '1499.90', 1),
('AYHO', 'VESTIDO ROJO  REMERÓN CON TEJIDO EN RUEDO - T.L', 1, '1499.90', 1),
('AYHS', '\"REMERA FRANCIA  \"\"FEELING CHEERFUL\"\" - T.S\"', 1, '999.90', 1),
('AYHX', 'REMERA VERDE ENERGIA  BOLSILLO LENTEJUELAS - T.L', 1, '949.90', 1),
('AYIL', '\"REMERA BLANCO  \"\"NON TI PREOCCUPARE\"\" - T.M\"', 1, '999.90', 1),
('AYIY', 'REMERA BLANCO  FULL PRINT HOJAS Y FLORES - T.L', 1, '1199.90', 1),
('AYJF', 'REMERA NEGRO  CON CINTA SUBLIMADA EN HOMBROS - T.M', 1, '1049.90', 1),
('AYJG', 'REMERA NEGRO  CON CINTA SUBLIMADA EN HOMBROS - T.L', 1, '1049.90', 1),
('AYJN', '\"REMERA ROJO  \"\"I´M THE PERFECT...\"\" - T.M\"', 3, '699.93', 1),
('AYJO', '\"REMERA ROJO  \"\"I´M THE PERFECT...\"\" - T.L\"', 1, '999.90', 1),
('AYJZ', '\"REMERA AMARILLO INTENSO  \"\"CVKD\"\"  T.M\"', 1, '949.90', 1),
('AYKH', 'REMERA VERDE MELANGE  ESTAMPADO FULL PRINT AVES - T.M', 1, '1049.90', 1),
('AYKJ', 'REMERA VERDE MELANGE  ESTAMPADO FULL PRINT AVES - T.XL', 1, '1049.90', 1),
('AYKM', 'REMERA GRIS MELANGE OSCURO  COLOR-BLOCK CON ESTAMPA EN RECOR', 1, '1149.90', 1),
('AYKN', 'REMERA GRIS MELANGE OSCURO  COLOR-BLOCK CON ESTAMPA EN RECOR', 1, '1149.90', 1),
('AYKO', 'REMERA GRIS MELANGE OSCURO  AIRBRUSHED PRINT CON BOLSILLO - ', 1, '1149.90', 1),
('AYKP', 'REMERA GRIS MELANGE OSCURO  AIRBRUSHED PRINT CON BOLSILLO - ', 1, '1149.90', 1),
('AYKQ', 'REMERA GRIS MELANGE OSCURO  AIRBRUSHED PRINT CON BOLSILLO - ', 1, '1149.90', 1),
('AYLD', 'REMERA CRUDO MELANGE  SUBLIMADO FULL PRINT PALMAS - T.XL', 1, '999.90', 1),
('AYLE', '\"REMERA BLANCO  SIN MANGAS \"\"FEELING GOOD...\"\" - T.S\"', 1, '999.90', 1),
('AYLF', '\"REMERA BLANCO  SIN MANGAS \"\"FEELING GOOD...\"\" - T.M\"', 1, '999.90', 1),
('AYLG', '\"REMERA BLANCO  SIN MANGAS \"\"FEELING GOOD...\"\" - T.L\"', 1, '999.90', 1),
('AYLL', '\"MUSCULOSA BLANCO  \"\"SAVAGE SIDE\"\" - T.M\"', 1, '899.90', 1),
('AYLM', '\"MUSCULOSA BLANCO  \"\"SAVAGE SIDE\"\" - T.L\"', 1, '899.90', 1),
('AYLN', 'MUSCULOSA BLANCO  BÁSICA - T.S', 5, '649.95', 1),
('AYLO', 'MUSCULOSA BLANCO  BÁSICA - T.M', 5, '649.95', 1),
('AYLR', 'MUSCULOSA NEGRO  BÁSICA - T.M', 5, '649.95', 1),
('AYLT', 'MUSCULOSA FUCSIA  BÁSICA - T.S', 5, '649.95', 1),
('AYLV', 'MUSCULOSA FUCSIA  BÁSICA - T.L', 1, '849.90', 1),
('AYLW', 'MUSCULOSA LILA  BÁSICA - T.S', 5, '649.95', 1),
('AYMA', 'MUSCULOSA VERDE ESMERALDA  BÁSICA - T.M', 5, '649.95', 1),
('AYMG', 'MUSCULOSA LAPISLAZULI  BÁSICA - T.M', 5, '649.95', 1),
('AYMI', 'VESTIDO NEGRO  CON RECORTE COMBINADO EN MICROTUL - T.S', 1, '1049.90', 1),
('AYMJ', 'VESTIDO NEGRO  CON RECORTE COMBINADO EN MICROTUL - T.M', 1, '1049.90', 1),
('AYMK', 'VESTIDO NEGRO  CON RECORTE COMBINADO EN MICROTUL - T.L', 1, '1049.90', 1),
('AYMM', '\"REMERA NEGRO  SIN MANGAS \"\"SEE YOU ON THE RUNWAY\"\" - T.M\"', 1, '919.90', 1),
('AYMN', '\"REMERA NEGRO  SIN MANGAS \"\"SEE YOU ON THE RUNWAY\"\" - T.L\"', 1, '919.90', 1),
('AYMQ', 'MUSCULOSA NEGRO  CON APLIQUE FUEGO - T.L', 1, '999.90', 1),
('AYMR', 'MUSCULOSA ROJO  CON RECORTE DE MICROTUL - T.S', 2, '529.90', 1),
('AYMV', 'MUSCULOSA FRANCIA  CON RECORTE DE MICROTUL - T.M', 1, '899.90', 1),
('AYMX', 'MUSCULOSA ROJO  ESTAMPA OJO - T.S', 1, '849.90', 1),
('AYMY', 'MUSCULOSA ROJO  ESTAMPA OJO - T.M', 1, '849.90', 1),
('AYNB', '\"REMERA GRIS MELANGE  SIN MANGAS \"\"FOCUS ON THE GOOD THINGS\"\" -\"', 1, '999.90', 1),
('AYNC', '\"REMERA GRIS MELANGE  SIN MANGAS \"\"FOCUS ON THE GOOD THINGS\"\" -\"', 1, '999.90', 1),
('AYND', 'VESTIDO FRANCIA  CON APLIQUE BOCA - T.S', 1, '1299.90', 1),
('AYNE', 'VESTIDO FRANCIA  CON APLIQUE BOCA - T.M', 1, '1299.90', 1),
('AYNF', 'VESTIDO FRANCIA  CON APLIQUE BOCA - T.L', 1, '1299.90', 1),
('AYNG', 'MUSCULOSA ROSA  DELANTERO ESTAMPADO ANIMAL PRINT - T.S', 1, '769.90', 1),
('AYNH', 'MUSCULOSA ROSA  DELANTERO ESTAMPADO ANIMAL PRINT - T.M', 1, '769.90', 1),
('AYNI', 'MUSCULOSA ROSA  DELANTERO ESTAMPADO ANIMAL PRINT - T.L', 1, '769.90', 1),
('AYNJ', 'MUSCULOSA CORAL FLUO  CON CUELLO COMBINADO - T.1', 1, '749.90', 1),
('AYNK', 'MUSCULOSA CORAL FLUO  CON CUELLO COMBINADO - T.2', 1, '749.90', 1),
('AYNL', 'MUSCULOSA AMARILLO NEÓN  CON CUELLO COMBINADO - T.1', 1, '749.90', 1),
('AYNM', 'MUSCULOSA AMARILLO NEÓN  CON CUELLO COMBINADO - T.2', 1, '749.90', 1),
('AYNO', 'MUSCULOSA BLANCO  COLOR BLOCK - T.M', 1, '999.90', 1),
('AYNQ', 'MUSCULOSA BLANCO  COLOR BLOCK - T.XL', 1, '999.90', 1),
('AYNT', 'VESTIDO NEGRO  CON VISTA COMBINADA - T.S', 1, '1599.90', 1),
('AYNU', 'VESTIDO NEGRO  CON VISTA COMBINADA - T.M', 1, '1599.90', 1),
('AYNV', 'VESTIDO NEGRO  CON VISTA COMBINADA - T.L', 1, '1599.90', 1),
('AYNZ', 'MUSCULOSA ROJO  CON VISTA COMBINADA - T.S', 1, '799.90', 1),
('AYOB', 'MUSCULOSA ROJO  CON VISTA COMBINADA - T.L', 3, '559.93', 1),
('AYOM', 'TÚNICA CORAL FLUO  CON VISTA COMBINADA - T.UNICO-TU', 1, '1859.90', 1),
('AYOU', '\"REMERA BEIGE  \"\"GREAT THINGS...\"\" - T.S\"', 1, '949.90', 1),
('AYOV', '\"REMERA BEIGE  \"\"GREAT THINGS...\"\" - T.M\"', 1, '949.90', 1),
('AYOW', '\"REMERA BEIGE  \"\"GREAT THINGS...\"\" - T.L\"', 1, '949.90', 1),
('AYOX', '\"REMERA BEIGE  \"\"GREAT THINGS...\"\" - T.XL\"', 1, '949.90', 1),
('AYOY', 'BOXER ROJO  SEAMLESS BÁSICO - T.1', 5, '449.95', 1),
('AYPA', 'BOXER ROJO  SEAMLESS BÁSICO - T.3', 1, '499.90', 1),
('AYPB', 'BOXER VERDE ESMERALDA  SEAMLESS BÁSICO - T.1', 5, '449.95', 1),
('AYPE', 'LEGGING NEGRO  CON ESTAMPA LATERAL - T.1', 1, '2499.90', 1),
('AYPG', 'LEGGING NEGRO  CON ESTAMPA LATERAL - T.3', 1, '2499.90', 1),
('AYPI', 'CAPRI NEGRO  COMBINADO ELÁSTICO CON LOGO - T.2', 3, '1399.93', 1),
('AYPM', 'MUSCULOSA BLANCO  ESCOTE HALTER MULTICOLOR - T.2', 1, '859.90', 1),
('AYPN', 'TÚNICA CRUDO  PRINT ACEBRADO CON VISTA - T.UNICO-TU', 1, '1599.90', 1),
('AYPP', 'SHORT BLANCO  CON RED SUPERPUESTA EN LATERAL - T.M', 1, '1149.90', 1),
('AYPQ', 'SHORT BLANCO  CON RED SUPERPUESTA EN LATERAL - T.L', 1, '1149.90', 1),
('AYQG', 'BERMUDA GRIS MELANGE  CON PRETINA TEJIDA Y CINTA LATERAL - T', 1, '1729.90', 1),
('AYQI', 'REMERON GRIS PLOMO  COMBINADO CON CINTA SUBLIMADA - T.M', 1, '1329.90', 1),
('AYQJ', 'REMERON GRIS PLOMO  COMBINADO CON CINTA SUBLIMADA - T.L', 1, '1329.90', 1),
('AYQK', 'REMERON VERDE FLUO  COMBINADO CON CINTA SUBLIMADA - T.S', 1, '1329.90', 1),
('AYQR', 'PORTA NARANJA FLUO  CELULAR FITNESS - T.UNICO-TU', 1, '529.90', 1),
('AYQS', 'PORTA AMARILLO NEÓN  CELULAR FITNESS - T.UNICO-TU', 1, '529.90', 1),
('AYQW', 'CUELLO VERDE MILITAR  PRINT CAMUFLADO TRNG - T.UNICO-TU', 1, '399.90', 1),
('AYQX', 'CUELLO NARANJA FLUO  PRINT BATIK VK NO LIMITS - T.UNICO-TU', 1, '399.90', 1),
('AYQY', 'CUELLO BLANCO  PRINT ACEBRADO - T.UNICO-TU', 3, '279.93', 1),
('AYQZ', 'CUELLO VERDE FLUO  PRINT SPORTY - T.UNICO-TU', 1, '399.90', 1),
('AYRN', 'CULOTTELESS NEGRO  ALTO CON PUNTILLA - T.3', 5, '319.95', 1),
('AYRO', 'CULOTTELESS NEGRO  ALTO CON PUNTILLA - T.4', 5, '319.95', 1),
('AYRZ', 'TOP NEGRO  CON TIRAS CRUZADAS - T.2', 1, '799.90', 1),
('AYSA', 'TOP NEGRO  CON TIRAS CRUZADAS - T.3', 1, '799.90', 1),
('AYSF', 'BOXER ROJO  RAYAS COMBINADAS - T.2', 1, '599.90', 1),
('AYSG', 'BOXER ROJO  RAYAS COMBINADAS - T.3', 1, '599.90', 1),
('AYSL', 'COLALESS FUCSIA  CON PUNTILLAS - T.2', 5, '319.95', 1),
('AYSN', 'TOP GRIS MELANGE OSCURO  DEPORTIVO CON TIRAS  T.1', 1, '799.90', 1),
('AYSO', 'TOP GRIS MELANGE OSCURO  DEPORTIVO CON TIRAS  T.2', 1, '799.90', 1),
('AYSP', 'TOP GRIS MELANGE OSCURO  DEPORTIVO CON TIRAS  T.3', 1, '799.90', 1),
('AYSR', 'CULOTTELESS GRIS MELANGE  HIPSTER CON PUNTILLAS - T.2', 1, '419.90', 1),
('AYST', 'CULOTTELESS GRIS MELANGE  HIPSTER CON PUNTILLAS - T.4', 1, '419.90', 1),
('AYSV', 'TANGA GRIS MELANGE  RAYADA CON PUNTILLAS - T.2', 1, '329.90', 1),
('AYSY', 'BOXER FRANCIA  COLOR BLOCK - T.2', 1, '599.90', 1),
('AYSZ', 'BOXER FRANCIA  COLOR BLOCK - T.3', 1, '599.90', 1),
('AYTC', 'COLALESS FRANCIA  CON PUNTILLA - T.3', 5, '319.95', 1),
('AYTO', 'TANGA FRANCIA MELANGE  CON PUNTILLAS - T.3', 5, '274.95', 1),
('AYTT', 'MUSCULOSA CORAL MELANGE  LENCERA COMBINADA - T.2', 3, '419.94', 1),
('AYTU', 'MUSCULOSA CORAL MELANGE  LENCERA COMBINADA - T.3', 1, '699.90', 1),
('AYTY', 'CULOTTE NEGRO  DE BAÑO TIRO ALTO - T.4', 1, '949.90', 1),
('AYUC', 'MUSCULOSA NARANJA FLUO  CON CINTA SUBLIMADA EN ESPALDA - T.S', 1, '949.90', 1),
('AYUD', 'MUSCULOSA NARANJA FLUO  CON CINTA SUBLIMADA EN ESPALDA - T.M', 1, '949.90', 1),
('AYUE', 'MUSCULOSA NARANJA FLUO  CON CINTA SUBLIMADA EN ESPALDA - T.L', 1, '949.90', 1),
('AYUP', 'REMERA AZUL NOCHE  CON ABERTURA EN HOMBRO - T.L', 3, '489.93', 1),
('AYUT', 'MALLA NEGRO  ENTERA ESPALDA CAVADA - T.1', 3, '1119.93', 1),
('AYUX', 'VEDETINA NEGRO  DE BAÑO TIRO ALTO - T.2', 1, '899.90', 1),
('AYUY', 'VEDETINA NEGRO  DE BAÑO TIRO ALTO - T.3', 1, '899.90', 1),
('AYVA', 'CULOTTE ROJO  DE BAÑO TIRO ALTO PRINT RAYAS - T.2', 1, '899.90', 1),
('AYVE', 'CORPIÑO AMARILLO  DE BAÑO TRIÁNGULO CON TAZAS PRINT BATIK - ', 2, '899.90', 1),
('AYVN', 'TOP AQUA VERDOSO  CON VOLADOS ÁSIMETRICOS PRINT CADENAS - T.', 1, '949.90', 1),
('AYVP', 'TOP CRUDO  DE BAÑO DISEÑO ASIMÉTRICO ANIMAL PRINT - T.2', 1, '1099.90', 1),
('AYVQ', 'TOP CRUDO  DE BAÑO DISEÑO ASIMÉTRICO ANIMAL PRINT - T.3', 1, '1099.90', 1),
('AYVS', 'MALLA VERDE MILITAR  STRAPPLES CON RECORTE PRINT CAMUFLADO -', 1, '1399.90', 1),
('AYVW', 'TOP AQUA CLARO  DE BAÑO PRINT FLORES TROPICALES - T.3', 1, '1099.90', 1),
('AYWH', 'SOQUETES BLANCO  PRINT RAYAS COLORES - T.UNICO-TU', 1, '269.90', 1),
('AYWI', 'PACK GRIS MELANGE  X2 SOQUETES PRINT ESTRELLAS FLÚO - T.UNIC', 1, '469.90', 1),
('AYWJ', 'PACK TURQUESA  X2 SOQUETES COLOR-BLOCK CON ESTRELLAS - T.UNI', 1, '469.90', 1),
('AYWW', '\"GORRA NEGRO  \"\"WILD BRAND\"\" - T.UNICO-TU\"', 3, '779.94', 1),
('AYWY', 'GORRA NEGRO  DEPORTIVA CON DETALLES EN MESH - T.UNICO-TU', 1, '1099.90', 1),
('AYWZ', '\"GORRA AZUL NAVY  \"\"WORKOUT GENERATION\"\" - T.UNICO-TU\"', 1, '1299.90', 1),
('AYXA', 'GORRA FUCSIA  DEPORTIVA PRINT DEGRADÉ - T.UNICO-TU', 3, '659.94', 1),
('AYXB', 'GORRA AMARILLO NEÓN  DEPORTIVA PRINT DEGRADÉ - T.UNICO-TU', 1, '1099.90', 1),
('AYXC', '\"GORRA VERDE MILITAR  PRINT CAMUFLADO \"\"PLAY\"\" - T.UNICO-TU\"', 3, '659.94', 1),
('AYXD', 'MINIVESTIDO MOSTAZA  CON CHARRETERAS - T.1', 1, '1199.90', 1),
('AYXE', 'MINIVESTIDO MOSTAZA  CON CHARRETERAS - T.2', 1, '1199.90', 1),
('AYXX', '\"ZAPATILLA BLANCO  LONA \"\"VK ALWAYS ON THE RUN\"\" - T.37\"', 4, '2799.90', 1),
('AYXY', '\"ZAPATILLA BLANCO  LONA \"\"VK ALWAYS ON THE RUN\"\" - T.38\"', 4, '2799.90', 1),
('AYYG', '\"ZAPATILLA NEGRO  LONA \"\"VK ALWAYS ON THE RUN\"\" - T.40\"', 4, '2799.90', 1),
('AYZP', 'ZAPATILLLAS BLANCO  BAJAS - T.43', 4, '2799.90', 1),
('AYZS', 'OJOTAS BLANCO  PRINT ACEBRADO - T.36-37', 4, '799.90', 1),
('AZAE', 'OJOTAS AQUA CLARO  PRINT TROPICAL - T.36-37', 2, '679.90', 1),
('AZAZ', 'OJOTAS SUELA  BASE PRINT SÍMIL MADERA - T.38-39', 4, '899.90', 1),
('AZBA', 'OJOTAS SUELA  BASE PRINT SÍMIL MADERA - T.40-41', 4, '899.90', 1),
('AZBB', 'OJOTAS SUELA  BASE PRINT SÍMIL MADERA - T.42-43', 4, '899.90', 1),
('AZBG', 'OJOTAS GRIS PLOMO  PRINT CAMUFLADO - T.44-45', 4, '1099.90', 1),
('AZBK', 'SOQUETE GRIS MELANGE  INVISIBLE RAYAS RAINBOW - T.UNICO-TU', 1, '269.90', 1),
('AZBL', 'SOQUETE BLANCO  INVISIBLE CON RAYAS ENGAMADAS EN PUNTA - T.U', 5, '234.95', 1),
('AZBM', 'SOQUETE BLANCO  INVISIBLE RAYAS MULTICOLOR EN PUNTA - T.UNIC', 5, '234.95', 1),
('AZBN', 'SKUNZIE NEGRO - T.UNICO-TU', 1, '159.90', 1),
('AZBP', 'SKUNZIE CORAL FLUO - T.UNICO-TU', 1, '159.90', 1),
('AZBQ', 'SKUNZIE GRIS PLOMO  JASPEADA - T.UNICO-TU', 1, '159.90', 1),
('AZBS', 'REMERA CORAL FLUO  BÁSICA - T.M', 5, '699.95', 1),
('AZBT', 'REMERA CORAL FLUO  BÁSICA - T.L', 5, '699.95', 1),
('AZCH', 'CAPRI AMARILLO NEÓN  NENA COMBINADO - T.10', 2, '659.90', 1),
('AZFH', 'MUSCULOSA AMARILLO NEÓN  NENA CON DETALLE DE CINTA EN DELANT', 2, '419.90', 1),
('AZGE', 'BERMUDA VERDE ENERGIA  BASICA DE NENE  - T.12', 2, '559.90', 1),
('AZGP', 'MUSCULOSA NEGRO  NENA CON SUBLIMADO EN DELANTERO - T.10', 2, '489.90', 1),
('AZIA', 'REMERA BLANCO  NENE SUBLIMADO DEGRADE - T.14', 2, '539.90', 1),
('AZLJ', 'PORTA VIOLETA  CELULAR FITNESS - T.UNICO-TU', 1, '529.90', 1),
('AZND', 'CAPRI FRANCIA  NENA CON ELASTICO EN CINTURA - T.14', 2, '529.90', 1),
('AZNQ', 'MUSCULOSA GRIS PLATINO  NENE DEPORTIVA COMBINADA  - T.10', 2, '449.90', 1),
('AZNS', 'MUSCULOSA GRIS PLATINO  NENE DEPORTIVA COMBINADA  - T.14', 2, '449.90', 1),
('AZOM', 'REMERA GRIS MELANGE  NENA CON VOLADO EN MANGAS Y ESTAMPA  - ', 2, '449.90', 1),
('AZOT', 'REMERA BLANCO  NENA ESTAMPA LOVE MORE - T.08', 2, '449.90', 1),
('AZPM', 'VESTIDO CORAL FLUO  NENA COMBINADO CON RECORTE Y CINTA SUBLI', 2, '529.90', 1),
('BAXF', 'VESTIDO ROSA  ANIMAL PRINT CON DETALLE DE TUL EN DELANTERO  ', 1, '1299.90', 1),
('BAXG', 'VESTIDO ROSA  ANIMAL PRINT CON DETALLE DE TUL EN DELANTERO  ', 1, '1299.90', 1),
('BAXH', 'VESTIDO ROSA  ANIMAL PRINT CON DETALLE DE TUL EN DELANTERO  ', 1, '1299.90', 1),
('DHL', 'BOXER BLANCO  JERSEY CON LYCRA BLCO - T.M', 1, '659.90', 1),
('DHO', 'BOXER NEGRO  JERSEY CON LYCRA NEGRO - T.L', 1, '659.90', 1),
('DHS', 'SLIP BLANCO T.S', 1, '599.90', 1),
('DHX', 'SLIP NEGRO T.L', 1, '599.90', 1),
('DJV', 'SLIP NEGRO T.M.', 1, '599.90', 1),
('ZAII', 'PACK BOLSAS PAPEL X 10 UNIDADES.', 1, '159.90', 1),
('ZCUI', 'CUADERNO INSTITUCIONAL', 1, '299.90', 1),
('ZLOL', 'BOLIGRAFO LOLIPOP VK (Pack x 10 unidades)', 1, '199.90', 1),
('ZMOC', 'MOCHILA PORTA NOTEBOOK', 3, '1399.93', 1);

-- --------------------------------------------------------

--
-- Estructura de tabla para la tabla `articulos_devueltos`
--

DROP TABLE IF EXISTS `articulos_devueltos`;
CREATE TABLE IF NOT EXISTS `articulos_devueltos` (
  `ejemplar` int(10) UNSIGNED NOT NULL AUTO_INCREMENT,
  `letra` varchar(4) NOT NULL,
  `motivo` tinyint(3) UNSIGNED NOT NULL,
  `recomprado` tinyint(1) NOT NULL DEFAULT '0',
  `active_row` tinyint(1) NOT NULL DEFAULT '1',
  PRIMARY KEY (`ejemplar`),
  KEY `letra` (`letra`)
) ENGINE=InnoDB DEFAULT CHARSET=latin1;

-- --------------------------------------------------------

--
-- Estructura de tabla para la tabla `camps`
--

DROP TABLE IF EXISTS `camps`;
CREATE TABLE IF NOT EXISTS `camps` (
  `nro_camp` int(10) UNSIGNED NOT NULL,
  `cod_cat` int(10) UNSIGNED DEFAULT NULL,
  `alias` varchar(60) DEFAULT NULL,
  `mes` tinyint(3) UNSIGNED NOT NULL,
  `year` int(10) UNSIGNED NOT NULL,
  `fecha_registro` timestamp NOT NULL DEFAULT CURRENT_TIMESTAMP,
  `active_row` tinyint(1) NOT NULL DEFAULT '1',
  PRIMARY KEY (`nro_camp`),
  UNIQUE KEY `mes` (`mes`,`year`),
  KEY `cod_cat` (`cod_cat`)
) ENGINE=InnoDB DEFAULT CHARSET=latin1;

--
-- Volcado de datos para la tabla `camps`
--

INSERT INTO `camps` (`nro_camp`, `cod_cat`, `alias`, `mes`, `year`, `fecha_registro`, `active_row`) VALUES
(219, NULL, NULL, 11, 2020, '2020-12-15 15:52:32', 1),
(220, 52020, 'VERANO - INTENSE CHAQUET ON DEMAND', 12, 2020, '2020-11-27 10:03:45', 1);

--
-- Disparadores `camps`
--
DROP TRIGGER IF EXISTS `newBalancesPerCamp`;
DELIMITER $$
CREATE TRIGGER `newBalancesPerCamp` AFTER INSERT ON `camps` FOR EACH ROW INSERT INTO `saldos`(`id_cp`,`nro_camp`) SELECT `id_cp`, NEW.nro_camp FROM `clientes_preferenciales` WHERE `active_row` = 1
$$
DELIMITER ;

-- --------------------------------------------------------

--
-- Estructura de tabla para la tabla `catalogos`
--

DROP TABLE IF EXISTS `catalogos`;
CREATE TABLE IF NOT EXISTS `catalogos` (
  `cod` int(10) UNSIGNED NOT NULL,
  `stock_inicial` int(10) UNSIGNED NOT NULL,
  `stock` int(10) UNSIGNED NOT NULL,
  `precio` decimal(10,2) UNSIGNED NOT NULL,
  `link` varchar(500) DEFAULT NULL,
  `fecha_registro` timestamp NOT NULL DEFAULT CURRENT_TIMESTAMP,
  `active_row` tinyint(1) NOT NULL DEFAULT '1',
  PRIMARY KEY (`cod`)
) ENGINE=InnoDB DEFAULT CHARSET=latin1;

--
-- Volcado de datos para la tabla `catalogos`
--

INSERT INTO `catalogos` (`cod`, `stock_inicial`, `stock`, `precio`, `link`, `fecha_registro`, `active_row`) VALUES
(22020, 150, 150, '299.00', NULL, '2020-10-03 11:25:55', 1),
(42020, 300, 300, '499.00', NULL, '2021-01-02 15:23:18', 1),
(52020, 250, 250, '399.99', 'www.vitnik.com', '2020-12-15 15:30:13', 1);

-- --------------------------------------------------------

--
-- Estructura de tabla para la tabla `clientes_preferenciales`
--

DROP TABLE IF EXISTS `clientes_preferenciales`;
CREATE TABLE IF NOT EXISTS `clientes_preferenciales` (
  `id_cp` int(10) UNSIGNED NOT NULL,
  `id_lider` int(10) UNSIGNED DEFAULT NULL,
  `dni` bigint(20) UNSIGNED DEFAULT NULL,
  `nombre` varchar(30) NOT NULL,
  `apellido` varchar(30) NOT NULL,
  `lugar` varchar(60) DEFAULT NULL,
  `fecha_nac` date DEFAULT NULL,
  `email` varchar(60) DEFAULT NULL,
  `tel` bigint(20) UNSIGNED DEFAULT NULL,
  `es_lider` tinyint(1) NOT NULL DEFAULT '0',
  `fecha_registro` timestamp NOT NULL DEFAULT CURRENT_TIMESTAMP,
  `fecha_baja` timestamp NULL DEFAULT NULL,
  `active_row` tinyint(1) NOT NULL DEFAULT '1',
  PRIMARY KEY (`id_cp`),
  UNIQUE KEY `dni` (`dni`),
  KEY `id_lider` (`id_lider`)
) ENGINE=InnoDB DEFAULT CHARSET=latin1;

--
-- Volcado de datos para la tabla `clientes_preferenciales`
--

INSERT INTO `clientes_preferenciales` (`id_cp`, `id_lider`, `dni`, `nombre`, `apellido`, `lugar`, `fecha_nac`, `email`, `tel`, `es_lider`, `fecha_registro`, `fecha_baja`, `active_row`) VALUES
(0, NULL, NULL, 'Test Name 0', 'Test Lastname 0', NULL, NULL, NULL, NULL, 0, '2020-09-30 07:26:59', NULL, 1),
(2, NULL, NULL, 'Test Name 2', 'Test Lastname 2', NULL, NULL, NULL, NULL, 0, '2020-09-30 07:26:59', NULL, 1),
(12, NULL, NULL, 'Test Name 12', 'Test Lastname 12', NULL, NULL, NULL, NULL, 0, '2020-09-30 07:26:59', NULL, 1),
(15, NULL, NULL, 'Test Name 15', 'Test Lastname 15', NULL, NULL, NULL, NULL, 0, '2020-09-30 07:26:59', NULL, 1),
(33, NULL, NULL, 'Test Name 33', 'Test Lastname 33', NULL, NULL, NULL, NULL, 0, '2020-09-30 07:26:59', NULL, 1),
(57, NULL, NULL, 'Test Name 57', 'Test Lastname 57', NULL, NULL, NULL, NULL, 0, '2020-09-30 07:26:59', NULL, 1),
(82, NULL, NULL, 'Test Name 82', 'Test Lastname 82', NULL, NULL, NULL, NULL, 0, '2020-09-30 07:26:59', NULL, 1),
(90, NULL, NULL, 'Test Name 90', 'Test Lastname 90', NULL, NULL, NULL, NULL, 0, '2020-09-30 07:26:59', NULL, 1),
(113, NULL, NULL, 'Test Name 113', 'Test Lastname 113', NULL, NULL, NULL, NULL, 0, '2020-09-30 07:26:59', NULL, 1),
(114, NULL, NULL, 'Test Name 114', 'Test Lastname 114', NULL, NULL, NULL, NULL, 0, '2020-09-30 07:26:59', NULL, 1),
(139, NULL, NULL, 'Test Name 139', 'Test Lastname 139', NULL, NULL, NULL, NULL, 0, '2020-09-30 07:26:59', NULL, 1),
(166, NULL, NULL, 'Test Name 166', 'Test Lastname 166', NULL, NULL, NULL, NULL, 0, '2020-09-30 07:26:59', NULL, 1),
(183, NULL, NULL, 'Test Name 183', 'Test Lastname 183', NULL, NULL, NULL, NULL, 0, '2020-09-30 07:26:59', NULL, 1),
(221, NULL, NULL, 'Test Name 221', 'Test Lastname 221', NULL, NULL, NULL, NULL, 0, '2020-09-30 07:26:59', NULL, 1),
(240, NULL, NULL, 'Test Name 240', 'Test Lastname 240', NULL, NULL, NULL, NULL, 0, '2020-09-30 07:26:59', NULL, 1),
(269, NULL, NULL, 'Test Name 269', 'Test Lastname 269', NULL, NULL, NULL, NULL, 0, '2020-09-30 07:26:59', NULL, 1),
(276, NULL, NULL, 'Test Name 276', 'Test Lastname 276', NULL, NULL, NULL, NULL, 1, '2020-09-30 07:26:59', NULL, 1),
(288, NULL, NULL, 'Test Name 288', 'Test Lastname 288', NULL, NULL, NULL, NULL, 0, '2020-09-30 07:26:59', NULL, 1),
(354, NULL, NULL, 'Test Name 354', 'Test Lastname 354', NULL, NULL, NULL, NULL, 0, '2020-09-30 07:26:59', NULL, 1),
(356, NULL, NULL, 'Test Name 356', 'Test Lastname 356', NULL, NULL, NULL, NULL, 0, '2020-09-30 07:26:59', NULL, 1),
(406, NULL, NULL, 'Test Name 406', 'Test Lastname 406', NULL, NULL, NULL, NULL, 0, '2020-09-30 07:26:59', NULL, 1),
(422, NULL, NULL, 'Test Name 422', 'Test Lastname 422', NULL, NULL, NULL, NULL, 0, '2020-09-30 07:26:59', NULL, 1),
(435, NULL, NULL, 'Test Name 435', 'Test Lastname 435', NULL, NULL, NULL, NULL, 0, '2020-09-30 07:26:59', NULL, 1),
(468, NULL, NULL, 'Test Name 468', 'Test Lastname 468', NULL, NULL, NULL, NULL, 0, '2020-09-30 07:26:59', NULL, 1),
(476, NULL, NULL, 'Test Name 476', 'Test Lastname 476', NULL, NULL, NULL, NULL, 0, '2020-09-30 07:26:59', NULL, 1),
(516, NULL, NULL, 'Test Name 516', 'Test Lastname 516', NULL, NULL, NULL, NULL, 0, '2020-09-30 07:26:59', NULL, 1),
(535, NULL, NULL, 'Test Name 535', 'Test Lastname 535', NULL, NULL, NULL, NULL, 1, '2020-09-30 07:26:59', NULL, 1),
(549, NULL, NULL, 'Test Name 549', 'Test Lastname 549', NULL, NULL, NULL, NULL, 0, '2020-09-30 07:26:59', NULL, 1),
(556, NULL, NULL, 'Test Name 556', 'Test Lastname 556', NULL, NULL, NULL, NULL, 0, '2020-09-30 07:26:59', NULL, 1),
(557, NULL, NULL, 'Test Name 557', 'Test Lastname 557', NULL, NULL, NULL, NULL, 0, '2020-09-30 07:26:59', NULL, 1),
(558, NULL, NULL, 'Test Name 558', 'Test Lastname 558', NULL, NULL, NULL, NULL, 0, '2020-09-30 07:26:59', NULL, 1),
(561, NULL, NULL, 'Test Name 561', 'Test Lastname 561', NULL, NULL, NULL, NULL, 0, '2020-09-30 07:26:59', NULL, 1),
(567, NULL, NULL, 'Test Name 567', 'Test Lastname 567', NULL, NULL, NULL, NULL, 0, '2020-09-30 07:26:59', NULL, 1),
(580, NULL, NULL, 'Test Name 580', 'Test Lastname 580', NULL, NULL, NULL, NULL, 0, '2020-09-30 07:26:59', NULL, 1),
(589, NULL, NULL, 'Test Name 589', 'Test Lastname 589', NULL, NULL, NULL, NULL, 0, '2020-09-30 07:26:59', NULL, 1),
(619, 276, NULL, 'Test Name 619', 'Test Lastname 619', NULL, NULL, NULL, NULL, 0, '2020-09-30 07:26:59', NULL, 1),
(639, NULL, NULL, 'Test Name 639', 'Test Lastname 639', NULL, NULL, NULL, NULL, 0, '2020-09-30 07:26:59', NULL, 1),
(647, 276, NULL, 'Test Name 647', 'Test Lastname 647', NULL, NULL, NULL, NULL, 0, '2020-09-30 07:26:59', NULL, 1),
(665, 276, NULL, 'Test Name 665', 'Test Lastname 665', NULL, NULL, NULL, NULL, 0, '2020-09-30 07:26:59', NULL, 1),
(686, NULL, NULL, 'Test Name 686', 'Test Lastname 686', NULL, NULL, NULL, NULL, 0, '2020-09-30 07:26:59', NULL, 1),
(694, NULL, NULL, 'Test Name 694', 'Test Lastname 694', NULL, NULL, NULL, NULL, 0, '2020-09-30 07:26:59', NULL, 1),
(703, NULL, NULL, 'Test Name 703', 'Test Lastname 703', NULL, NULL, NULL, NULL, 0, '2020-09-30 07:26:59', NULL, 1),
(704, NULL, NULL, 'Test Name 704', 'Test Lastname 704', NULL, NULL, NULL, NULL, 0, '2020-09-30 07:26:59', NULL, 1),
(706, 535, NULL, 'Test Name 706', 'Test Lastname 706', NULL, NULL, NULL, NULL, 0, '2020-09-30 07:26:59', NULL, 1),
(732, NULL, NULL, 'Test Name 732', 'Test Lastname 732', NULL, NULL, NULL, NULL, 0, '2020-09-30 07:26:59', NULL, 1),
(745, NULL, NULL, 'Test Name 745', 'Test Lastname 745', NULL, NULL, NULL, NULL, 0, '2020-09-30 07:26:59', NULL, 1),
(751, NULL, NULL, 'Test Name 751', 'Test Lastname 751', NULL, NULL, NULL, NULL, 0, '2020-09-30 07:26:59', NULL, 1),
(757, NULL, NULL, 'Test Name 757', 'Test Lastname 757', NULL, NULL, NULL, NULL, 0, '2020-09-30 07:26:59', NULL, 1),
(771, NULL, NULL, 'Test Name 771', 'Test Lastname 771', NULL, NULL, NULL, NULL, 0, '2020-09-30 07:26:59', NULL, 1),
(792, NULL, NULL, 'Test Name 792', 'Test Lastname 792', NULL, NULL, NULL, NULL, 0, '2020-09-30 07:26:59', NULL, 1),
(796, NULL, NULL, 'Test Name 796', 'Test Lastname 796', NULL, NULL, NULL, NULL, 0, '2020-09-30 07:26:59', NULL, 1),
(803, 535, NULL, 'Test Name 803', 'Test Lastname 803', NULL, NULL, NULL, NULL, 0, '2020-09-30 07:26:59', NULL, 1),
(804, 276, NULL, 'Test Name 804', 'Test Lastname 804', NULL, NULL, NULL, NULL, 0, '2020-09-30 07:26:59', NULL, 1),
(811, NULL, NULL, 'Test Name 811', 'Test Lastname 811', NULL, NULL, NULL, NULL, 0, '2020-09-30 07:26:59', NULL, 1),
(815, NULL, NULL, 'Test Name 815', 'Test Lastname 815', NULL, NULL, NULL, NULL, 0, '2020-09-30 07:26:59', NULL, 1),
(823, NULL, NULL, 'Test Name 823', 'Test Lastname 823', NULL, NULL, NULL, NULL, 0, '2020-09-30 07:26:59', NULL, 1),
(830, NULL, NULL, 'Test Name 830', 'Test Lastname 830', NULL, NULL, NULL, NULL, 0, '2020-09-30 07:26:59', NULL, 1),
(832, 276, NULL, 'Test Name 832', 'Test Lastname 832', NULL, NULL, NULL, NULL, 0, '2020-09-30 07:26:59', NULL, 1),
(835, 276, NULL, 'Test Name 835', 'Test Lastname 835', NULL, NULL, NULL, NULL, 0, '2020-09-30 07:26:59', NULL, 1),
(839, NULL, NULL, 'Test Name 839', 'Test Lastname 839', NULL, NULL, NULL, NULL, 0, '2020-09-30 07:26:59', NULL, 1),
(840, 276, NULL, 'Test Name 840', 'Test Lastname 840', NULL, NULL, NULL, NULL, 0, '2020-09-30 07:26:59', NULL, 1),
(844, NULL, NULL, 'Test Name 844', 'Test Lastname 844', NULL, NULL, NULL, NULL, 0, '2020-09-30 07:26:59', NULL, 1),
(845, 276, NULL, 'Test Name 845', 'Test Lastname 845', NULL, NULL, NULL, NULL, 0, '2020-09-30 07:26:59', NULL, 1),
(853, NULL, NULL, 'Test Name 853', 'Test Lastname 853', NULL, NULL, NULL, NULL, 0, '2020-09-30 07:26:59', NULL, 1),
(859, NULL, NULL, 'Test Name 859', 'Test Lastname 859', NULL, NULL, NULL, NULL, 0, '2020-09-30 07:26:59', NULL, 1),
(869, NULL, NULL, 'Test Name 869', 'Test Lastname 869', NULL, NULL, NULL, NULL, 0, '2020-09-30 07:26:59', NULL, 1),
(876, NULL, NULL, 'Test Name 876', 'Test Lastname 876', NULL, NULL, NULL, NULL, 0, '2020-09-30 07:26:59', NULL, 1),
(878, NULL, NULL, 'Test Name 878', 'Test Lastname 878', NULL, NULL, NULL, NULL, 0, '2020-09-30 07:26:59', NULL, 1),
(887, 276, NULL, 'Test Name 887', 'Test Lastname 887', NULL, NULL, NULL, NULL, 0, '2020-09-30 07:26:59', NULL, 1),
(894, 276, NULL, 'Test Name 894', 'Test Lastname 894', NULL, NULL, NULL, NULL, 0, '2020-09-30 07:26:59', NULL, 1),
(898, 535, NULL, 'Test Name 898', 'Test Lastname 898', NULL, NULL, NULL, NULL, 0, '2020-09-30 07:26:59', NULL, 1),
(901, NULL, NULL, 'Test Name 901', 'Test Lastname 901', NULL, NULL, NULL, NULL, 1, '2020-09-30 07:26:59', NULL, 1),
(902, NULL, NULL, 'Test Name 902', 'Test Lastname 902', NULL, NULL, NULL, NULL, 0, '2020-09-30 07:26:59', NULL, 1),
(904, NULL, NULL, 'Test Name 904', 'Test Lastname 904', NULL, NULL, NULL, NULL, 0, '2020-09-30 07:26:59', NULL, 1),
(907, NULL, NULL, 'Test Name 907', 'Test Lastname 907', NULL, NULL, NULL, NULL, 0, '2020-09-30 07:26:59', NULL, 1),
(909, NULL, NULL, 'Test Name 909', 'Test Lastname 909', NULL, NULL, NULL, NULL, 0, '2020-09-30 07:26:59', NULL, 1),
(914, NULL, NULL, 'Test Name 914', 'Test Lastname 914', NULL, NULL, NULL, NULL, 0, '2020-09-30 07:26:59', NULL, 1),
(915, 276, NULL, 'Test Name 915', 'Test Lastname 915', NULL, NULL, NULL, NULL, 0, '2020-09-30 07:26:59', NULL, 1),
(923, NULL, NULL, 'Test Name 923', 'Test Lastname 923', NULL, NULL, NULL, NULL, 0, '2020-09-30 07:26:59', NULL, 1),
(925, NULL, NULL, 'Test Name 925', 'Test Lastname 925', NULL, NULL, NULL, NULL, 0, '2020-09-30 07:26:59', NULL, 1),
(929, NULL, NULL, 'Test Name 929', 'Test Lastname 929', NULL, NULL, NULL, NULL, 0, '2020-09-30 07:26:59', NULL, 1),
(932, 901, NULL, 'Test Name 932', 'Test Lastname 932', NULL, NULL, NULL, NULL, 0, '2020-09-30 07:26:59', NULL, 1),
(933, 901, NULL, 'Test Name 933', 'Test Lastname 933', NULL, NULL, NULL, NULL, 0, '2020-09-30 07:26:59', NULL, 1),
(939, NULL, NULL, 'Test Name 939', 'Test Lastname 939', NULL, NULL, NULL, NULL, 0, '2020-09-30 07:26:59', NULL, 1),
(941, 535, NULL, 'Test Name 941', 'Test Lastname 941', NULL, NULL, NULL, NULL, 0, '2020-09-30 07:26:59', NULL, 1),
(943, NULL, NULL, 'Test Name 943', 'Test Lastname 943', NULL, NULL, NULL, NULL, 0, '2020-09-30 07:26:59', NULL, 1),
(944, NULL, NULL, 'Test Name 944', 'Test Lastname 944', NULL, NULL, NULL, NULL, 0, '2020-09-30 07:26:59', NULL, 1),
(948, NULL, NULL, 'Test Name 948', 'Test Lastname 948', NULL, NULL, NULL, NULL, 0, '2020-09-30 07:26:59', NULL, 1),
(949, 276, NULL, 'Test Name 949', 'Test Lastname 949', NULL, NULL, NULL, NULL, 0, '2020-09-30 07:26:59', NULL, 1),
(958, NULL, NULL, 'Test Name 958', 'Test Lastname 958', NULL, NULL, NULL, NULL, 0, '2020-09-30 07:26:59', NULL, 1),
(961, NULL, NULL, 'Test Name 961', 'Test Lastname 961', NULL, NULL, NULL, NULL, 0, '2020-09-30 07:26:59', NULL, 1),
(963, NULL, NULL, 'Test Name 963', 'Test Lastname 963', NULL, NULL, NULL, NULL, 0, '2020-09-30 07:26:59', NULL, 1),
(965, NULL, NULL, 'Test Name 965', 'Test Lastname 965', NULL, NULL, NULL, NULL, 0, '2020-09-30 07:26:59', NULL, 1),
(972, NULL, NULL, 'Test Name 972', 'Test Lastname 972', NULL, NULL, NULL, NULL, 0, '2020-09-30 07:26:59', NULL, 1),
(974, NULL, NULL, 'Test Name 974', 'Test Lastname 974', NULL, NULL, NULL, NULL, 0, '2020-09-30 07:26:59', NULL, 1),
(975, 276, NULL, 'Test Name 975', 'Test Lastname 975', NULL, NULL, NULL, NULL, 0, '2020-09-30 07:26:59', NULL, 1),
(981, 276, NULL, 'Test Name 981', 'Test Lastname 981', NULL, NULL, NULL, NULL, 0, '2020-09-30 07:26:59', NULL, 1),
(984, 276, NULL, 'Test Name 984', 'Test Lastname 984', NULL, NULL, NULL, NULL, 0, '2020-09-30 07:26:59', NULL, 1),
(985, 276, NULL, 'Test Name 985', 'Test Lastname 985', NULL, NULL, NULL, NULL, 0, '2020-09-30 07:26:59', NULL, 1),
(986, 276, NULL, 'Test Name 986', 'Test Lastname 986', NULL, NULL, NULL, NULL, 0, '2020-09-30 07:26:59', NULL, 1),
(987, NULL, NULL, 'Test Name 987', 'Test Lastname 987', NULL, NULL, NULL, NULL, 0, '2020-09-30 07:26:59', NULL, 1),
(989, NULL, NULL, 'Test Name 989', 'Test Lastname 989', NULL, NULL, NULL, NULL, 0, '2020-09-30 07:26:59', NULL, 1),
(991, NULL, NULL, 'Test Name 991', 'Test Lastname 991', NULL, NULL, NULL, NULL, 0, '2020-09-30 07:26:59', NULL, 1),
(1005, NULL, NULL, 'Test Name 1005', 'Test Lastname 1005', NULL, NULL, NULL, NULL, 0, '2020-09-30 07:26:59', NULL, 1),
(1006, 901, NULL, 'Test Name 1006', 'Test Lastname 1006', NULL, NULL, NULL, NULL, 0, '2020-09-30 07:26:59', NULL, 1),
(1011, NULL, NULL, 'Test Name 1011', 'Test Lastname 1011', NULL, NULL, NULL, NULL, 0, '2020-09-30 07:26:59', NULL, 1),
(1013, NULL, NULL, 'Test Name 1013', 'Test Lastname 1013', NULL, NULL, NULL, NULL, 0, '2020-09-30 07:26:59', NULL, 1),
(1016, NULL, NULL, 'Test Name 1016', 'Test Lastname 1016', NULL, NULL, NULL, NULL, 0, '2020-09-30 07:26:59', NULL, 1),
(1019, NULL, NULL, 'Test Name 1019', 'Test Lastname 1019', NULL, NULL, NULL, NULL, 0, '2020-09-30 07:26:59', NULL, 1),
(1021, NULL, NULL, 'Test Name 1021', 'Test Lastname 1021', NULL, NULL, NULL, NULL, 0, '2020-09-30 07:26:59', NULL, 1),
(1022, 276, NULL, 'Test Name 1022', 'Test Lastname 1022', NULL, NULL, NULL, NULL, 0, '2020-09-30 07:26:59', NULL, 1),
(1023, NULL, NULL, 'Test Name 1023', 'Test Lastname 1023', NULL, NULL, NULL, NULL, 0, '2020-09-30 07:26:59', NULL, 1);

-- --------------------------------------------------------

--
-- Estructura de tabla para la tabla `comisiones`
--

DROP TABLE IF EXISTS `comisiones`;
CREATE TABLE IF NOT EXISTS `comisiones` (
  `id_cp` int(10) UNSIGNED NOT NULL,
  `nro_camp` int(10) UNSIGNED NOT NULL,
  `cant_actual` int(10) UNSIGNED NOT NULL DEFAULT '0',
  `cant_min` int(10) UNSIGNED NOT NULL DEFAULT '10',
  `cant_1` int(10) UNSIGNED NOT NULL DEFAULT '50',
  `cant_2` int(10) UNSIGNED NOT NULL DEFAULT '120',
  `cant_3` int(10) UNSIGNED NOT NULL DEFAULT '200',
  `cant_4` int(10) UNSIGNED NOT NULL DEFAULT '300',
  `nivel_1` smallint(5) UNSIGNED NOT NULL DEFAULT '5',
  `nivel_2` smallint(5) UNSIGNED NOT NULL DEFAULT '8',
  `nivel_3` smallint(5) UNSIGNED NOT NULL DEFAULT '10',
  `nivel_4` smallint(5) UNSIGNED NOT NULL DEFAULT '13',
  `active_row` tinyint(1) NOT NULL DEFAULT '1',
  PRIMARY KEY (`id_cp`,`nro_camp`),
  KEY `nro_camp` (`nro_camp`)
) ENGINE=InnoDB DEFAULT CHARSET=latin1;

-- --------------------------------------------------------

--
-- Estructura de tabla para la tabla `devoluciones`
--

DROP TABLE IF EXISTS `devoluciones`;
CREATE TABLE IF NOT EXISTS `devoluciones` (
  `cod` int(10) UNSIGNED NOT NULL AUTO_INCREMENT,
  `id_cp` int(10) UNSIGNED NOT NULL,
  `nro_camp` int(10) UNSIGNED NOT NULL,
  `letra` varchar(4) NOT NULL,
  `cant` int(10) UNSIGNED NOT NULL,
  `monto` decimal(10,2) UNSIGNED NOT NULL,
  `motivo` tinyint(3) UNSIGNED NOT NULL,
  `fecha_registro` timestamp NOT NULL DEFAULT CURRENT_TIMESTAMP,
  `active_row` tinyint(1) NOT NULL DEFAULT '1',
  PRIMARY KEY (`cod`),
  KEY `id_cp` (`id_cp`),
  KEY `nro_camp` (`nro_camp`),
  KEY `letra` (`letra`)
) ENGINE=InnoDB DEFAULT CHARSET=latin1;

-- --------------------------------------------------------

--
-- Estructura de tabla para la tabla `entregas_catalogos`
--

DROP TABLE IF EXISTS `entregas_catalogos`;
CREATE TABLE IF NOT EXISTS `entregas_catalogos` (
  `nro_entrega` int(10) UNSIGNED NOT NULL,
  `id_cp` int(10) UNSIGNED NOT NULL,
  `cod_cat` int(10) UNSIGNED NOT NULL,
  `cant` int(10) UNSIGNED NOT NULL,
  `precio` decimal(10,2) UNSIGNED NOT NULL,
  `fecha_registro` timestamp NOT NULL DEFAULT CURRENT_TIMESTAMP,
  `active_row` tinyint(1) NOT NULL DEFAULT '1',
  PRIMARY KEY (`nro_entrega`),
  KEY `id_cp` (`id_cp`),
  KEY `nro_camp` (`cod_cat`)
) ENGINE=InnoDB DEFAULT CHARSET=latin1;

-- --------------------------------------------------------

--
-- Estructura de tabla para la tabla `observaciones`
--

DROP TABLE IF EXISTS `observaciones`;
CREATE TABLE IF NOT EXISTS `observaciones` (
  `id_cp` int(10) UNSIGNED NOT NULL,
  `nro_camp` int(10) UNSIGNED NOT NULL,
  `observacion` varchar(500) DEFAULT NULL,
  `active_row` tinyint(1) NOT NULL DEFAULT '1',
  PRIMARY KEY (`id_cp`,`nro_camp`),
  KEY `nro_camp` (`nro_camp`)
) ENGINE=InnoDB DEFAULT CHARSET=latin1;

-- --------------------------------------------------------

--
-- Estructura de tabla para la tabla `pagos`
--

DROP TABLE IF EXISTS `pagos`;
CREATE TABLE IF NOT EXISTS `pagos` (
  `cod` int(10) UNSIGNED NOT NULL AUTO_INCREMENT,
  `id_cp` int(10) UNSIGNED NOT NULL,
  `nro_camp` int(10) UNSIGNED NOT NULL,
  `descriptor` varchar(60) DEFAULT NULL,
  `monto` decimal(10,2) NOT NULL,
  `item` tinyint(4) NOT NULL DEFAULT '1',
  `forma` tinyint(4) NOT NULL DEFAULT '1',
  `banco` tinyint(4) NOT NULL DEFAULT '1',
  `estado` tinyint(4) NOT NULL DEFAULT '1',
  `fecha_registro` timestamp NOT NULL DEFAULT CURRENT_TIMESTAMP,
  `active_row` tinyint(1) NOT NULL DEFAULT '1',
  PRIMARY KEY (`cod`),
  KEY `id_cp` (`id_cp`),
  KEY `nro_camp` (`nro_camp`)
) ENGINE=InnoDB DEFAULT CHARSET=latin1;

-- --------------------------------------------------------

--
-- Estructura de tabla para la tabla `pedidos`
--

DROP TABLE IF EXISTS `pedidos`;
CREATE TABLE IF NOT EXISTS `pedidos` (
  `cod` int(10) UNSIGNED NOT NULL AUTO_INCREMENT,
  `id_cp` int(10) UNSIGNED NOT NULL,
  `nro_camp` int(10) UNSIGNED NOT NULL,
  `letra` varchar(4) NOT NULL,
  `nro_envio` int(10) UNSIGNED NOT NULL,
  `cant` int(10) UNSIGNED NOT NULL,
  `monto` decimal(10,2) UNSIGNED NOT NULL,
  `fecha_retiro` timestamp NULL DEFAULT NULL,
  `fecha_registro` timestamp NOT NULL DEFAULT CURRENT_TIMESTAMP,
  `comisionable` tinyint(1) NOT NULL DEFAULT '1',
  `active_row` tinyint(1) NOT NULL DEFAULT '1',
  PRIMARY KEY (`cod`),
  KEY `id_cp` (`id_cp`),
  KEY `nro_camp` (`nro_camp`),
  KEY `letra` (`letra`)
) ENGINE=InnoDB AUTO_INCREMENT=976 DEFAULT CHARSET=latin1;

--
-- Volcado de datos para la tabla `pedidos`
--

INSERT INTO `pedidos` (`cod`, `id_cp`, `nro_camp`, `letra`, `nro_envio`, `cant`, `monto`, `fecha_retiro`, `fecha_registro`, `comisionable`, `active_row`) VALUES
(17, 706, 220, 'ASGR', 6559365, 1, '359.96', NULL, '2020-11-30 12:37:49', 1, 1),
(18, 706, 220, 'ASGO', 6559365, 1, '359.96', NULL, '2020-11-30 12:37:49', 1, 1),
(19, 706, 220, 'APHU', 6564079, 1, '689.90', NULL, '2020-11-30 12:37:49', 1, 1),
(20, 706, 220, 'ALMB', 6564079, 1, '449.90', NULL, '2020-11-30 12:37:49', 1, 1),
(21, 704, 220, 'AYHF', 6559376, 1, '559.93', NULL, '2020-11-30 12:37:49', 1, 1),
(22, 704, 220, 'AXOA', 6559376, 1, '489.93', NULL, '2020-11-30 12:37:49', 1, 1),
(23, 704, 220, 'AXVU', 6559376, 1, '599.96', NULL, '2020-11-30 12:37:49', 1, 1),
(24, 704, 220, 'AXPY', 6559376, 1, '629.93', NULL, '2020-11-30 12:37:49', 1, 1),
(25, 704, 220, 'AXVP', 6559376, 1, '599.96', NULL, '2020-11-30 12:37:49', 1, 1),
(26, 704, 220, 'AYKJ', 6559376, 1, '734.93', NULL, '2020-11-30 12:37:49', 1, 1),
(27, 704, 220, 'AXVY', 6559376, 1, '599.96', NULL, '2020-11-30 12:37:49', 1, 1),
(28, 704, 220, 'AYCL', 6559376, 1, '629.93', NULL, '2020-11-30 12:37:49', 1, 1),
(29, 704, 220, 'AXIK', 6559376, 1, '979.93', NULL, '2020-11-30 12:37:49', 1, 1),
(30, 704, 220, 'AXVQ', 6559376, 1, '599.96', NULL, '2020-11-30 12:37:49', 1, 1),
(31, 704, 220, 'AUHC', 6559376, 1, '909.93', NULL, '2020-11-30 12:37:49', 1, 1),
(32, 704, 220, 'AXNR', 6559376, 1, '629.93', NULL, '2020-11-30 12:37:49', 1, 1),
(33, 1019, 220, 'AYER', 6559331, 1, '674.93', NULL, '2020-11-30 12:37:49', 1, 1),
(34, 1019, 220, 'AXOQ', 6559331, 1, '712.43', NULL, '2020-11-30 12:37:49', 1, 1),
(35, 1019, 220, 'AYND', 6559331, 1, '974.93', NULL, '2020-11-30 12:37:49', 1, 1),
(36, 1019, 220, 'AOUS', 6559331, 1, '649.94', NULL, '2020-11-30 12:37:49', 1, 1),
(37, 1019, 220, 'AYMK', 6559331, 1, '787.43', NULL, '2020-11-30 12:37:49', 1, 1),
(38, 1019, 220, 'AYEX', 6559331, 1, '1199.93', NULL, '2020-11-30 12:37:49', 1, 1),
(39, 1019, 220, 'AXOA', 6559331, 2, '1049.85', NULL, '2020-11-30 12:37:49', 1, 1),
(40, 1019, 220, 'AYNV', 6564054, 1, '1119.93', NULL, '2020-11-30 12:37:49', 1, 1),
(41, 1019, 220, 'AYJZ', 6564054, 1, '664.93', NULL, '2020-11-30 12:37:49', 1, 1),
(42, 1019, 220, 'AXTV', 6564054, 1, '664.93', NULL, '2020-11-30 12:37:49', 1, 1),
(43, 898, 220, 'AYCR', 6559296, 1, '1012.43', NULL, '2020-11-30 12:37:49', 1, 1),
(44, 898, 220, 'AYSY', 6559296, 1, '449.93', NULL, '2020-11-30 12:37:49', 1, 1),
(45, 898, 220, 'AYOU', 6559296, 1, '712.43', NULL, '2020-11-30 12:37:49', 1, 1),
(46, 898, 220, 'AXWT', 6559296, 1, '1424.93', NULL, '2020-11-30 12:37:49', 1, 1),
(47, 898, 220, 'AYHC', 6559296, 1, '824.93', NULL, '2020-11-30 12:37:49', 1, 1),
(48, 898, 220, 'AYXA', 6559296, 1, '659.94', NULL, '2020-11-30 12:37:49', 1, 1),
(49, 898, 220, 'AXWW', 6559296, 1, '1124.93', NULL, '2020-11-30 12:37:49', 1, 1),
(50, 898, 220, 'AYSF', 6564070, 1, '449.93', NULL, '2020-11-30 12:37:49', 1, 1),
(51, 898, 220, 'AYSZ', 6564070, 1, '449.93', NULL, '2020-11-30 12:37:49', 1, 1),
(52, 898, 220, 'AYSG', 6564070, 1, '449.93', NULL, '2020-11-30 12:37:49', 1, 1),
(53, 113, 220, 'AYHC', 6559320, 1, '769.93', NULL, '2020-11-30 12:37:49', 1, 1),
(54, 113, 220, 'AXJD', 6559320, 1, '599.94', NULL, '2020-11-30 12:37:49', 1, 1),
(55, 113, 220, 'AUIL', 6559320, 1, '909.93', NULL, '2020-11-30 12:37:49', 1, 1),
(56, 113, 220, 'AYCA', 6559320, 1, '599.96', NULL, '2020-11-30 12:37:49', 1, 1),
(57, 113, 220, 'AXWR', 6559320, 1, '1139.94', NULL, '2020-11-30 12:37:49', 1, 1),
(58, 113, 220, 'AXNV', 6559320, 1, '349.93', NULL, '2020-11-30 12:37:49', 1, 1),
(59, 113, 220, 'AYNF', 6559320, 1, '909.93', NULL, '2020-11-30 12:37:49', 1, 1),
(60, 113, 220, 'AXXT', 6559320, 1, '489.93', NULL, '2020-11-30 12:37:49', 1, 1),
(61, 113, 220, 'AYCN', 6559320, 1, '629.93', NULL, '2020-11-30 12:37:49', 1, 1),
(62, 113, 220, 'ATYJ', 6559320, 1, '699.93', NULL, '2020-11-30 12:37:49', 1, 1),
(63, 113, 220, 'AYBX', 6559320, 1, '599.96', NULL, '2020-11-30 12:37:49', 1, 1),
(64, 113, 220, 'AYNE', 6559320, 1, '909.93', NULL, '2020-11-30 12:37:49', 1, 1),
(65, 944, 220, 'AZBK', 6559349, 1, '202.43', NULL, '2020-11-30 12:37:49', 1, 1),
(66, 944, 220, 'AYHB', 6559349, 1, '824.93', NULL, '2020-11-30 12:37:49', 1, 1),
(67, 944, 220, 'AXWG', 6559349, 1, '559.93', NULL, '2020-11-30 12:37:49', 1, 1),
(68, 944, 220, 'AYGH', 6559349, 1, '559.96', NULL, '2020-11-30 12:37:49', 1, 1),
(69, 944, 220, 'AYPQ', 6559349, 1, '862.43', NULL, '2020-11-30 12:37:49', 1, 1),
(70, 944, 220, 'AZBS', 6559349, 1, '559.96', NULL, '2020-11-30 12:37:49', 1, 1),
(71, 944, 220, 'AVSK', 6559349, 1, '1124.93', NULL, '2020-11-30 12:37:49', 1, 1),
(72, 944, 220, 'AXPU', 6559349, 1, '824.93', NULL, '2020-11-30 12:37:49', 1, 1),
(73, 944, 220, 'AXOU', 6564071, 1, '769.93', NULL, '2020-11-30 12:37:49', 1, 1),
(74, 944, 220, 'AZBK', 6564071, 1, '188.93', NULL, '2020-11-30 12:37:49', 1, 1),
(75, 944, 220, 'AYKM', 6564071, 1, '804.93', NULL, '2020-11-30 12:37:49', 1, 1),
(76, 958, 220, 'AWDM', 6559367, 1, '1049.93', NULL, '2020-11-30 12:37:49', 1, 1),
(77, 958, 220, 'AYEL', 6559367, 1, '674.93', NULL, '2020-11-30 12:37:49', 1, 1),
(78, 958, 220, 'AYCG', 6559367, 1, '1124.93', NULL, '2020-11-30 12:37:49', 1, 1),
(79, 958, 220, 'AYCZ', 6559367, 1, '974.93', NULL, '2020-11-30 12:37:49', 1, 1),
(80, 958, 220, 'AXOP', 6559367, 1, '712.43', NULL, '2020-11-30 12:37:49', 1, 1),
(81, 771, 220, 'AXTF', 6559330, 1, '824.93', NULL, '2020-11-30 12:37:49', 1, 1),
(82, 771, 220, 'AUIN', 6559330, 1, '974.93', NULL, '2020-11-30 12:37:49', 1, 1),
(83, 804, 220, 'APHQ', 6559474, 1, '689.90', NULL, '2020-11-30 12:37:49', 1, 1),
(84, 804, 220, 'AYKO', 6559484, 1, '862.43', NULL, '2020-11-30 12:37:49', 1, 1),
(85, 1016, 220, 'ACKX', 6559298, 1, '664.93', NULL, '2020-11-30 12:37:49', 1, 1),
(86, 1016, 220, 'ASGP', 6559298, 1, '337.46', NULL, '2020-11-30 12:37:49', 1, 1),
(87, 1016, 220, 'AQNQ', 6559298, 1, '1049.93', NULL, '2020-11-30 12:37:49', 1, 1),
(88, 1016, 220, 'ASGS', 6559298, 1, '337.46', NULL, '2020-11-30 12:37:49', 1, 1),
(89, 1016, 220, 'AYPM', 6559298, 1, '601.93', NULL, '2020-11-30 12:37:49', 1, 1),
(90, 1016, 220, 'AYSG', 6559298, 2, '839.86', NULL, '2020-11-30 12:37:49', 1, 1),
(91, 1016, 220, 'AXRO', 6559298, 1, '559.93', NULL, '2020-11-30 12:37:49', 1, 1),
(92, 1016, 220, 'AYCE', 6559298, 1, '664.93', NULL, '2020-11-30 12:37:49', 1, 1),
(93, 1016, 220, 'AYCE', 6559298, 1, '599.96', NULL, '2020-11-30 12:37:49', 1, 1),
(94, 1016, 220, 'AYSZ', 6559298, 1, '419.93', NULL, '2020-11-30 12:37:49', 1, 1),
(95, 1016, 220, 'AYNL', 6559298, 1, '524.93', NULL, '2020-11-30 12:37:49', 1, 1),
(96, 1016, 220, 'AYCA', 6559298, 1, '599.96', NULL, '2020-11-30 12:37:49', 1, 1),
(97, 1016, 220, 'AXXA', 6559298, 1, '944.93', NULL, '2020-11-30 12:37:49', 1, 1),
(98, 869, 220, 'ATYJ', 6564075, 1, '699.93', NULL, '2020-11-30 12:37:49', 1, 1),
(99, 869, 220, 'AYQZ', 6564075, 1, '299.93', NULL, '2020-11-30 12:37:49', 1, 1),
(100, 869, 220, 'AYHN', 6564075, 1, '1124.93', NULL, '2020-11-30 12:37:49', 1, 1),
(101, 869, 220, 'AYNE', 6564075, 1, '974.93', NULL, '2020-11-30 12:37:49', 1, 1),
(102, 869, 220, 'AYEF', 6564081, 1, '999.90', NULL, '2020-11-30 12:37:49', 1, 1),
(103, 869, 220, 'AXWD', 6564081, 1, '589.90', NULL, '2020-11-30 12:37:49', 1, 1),
(104, 869, 220, 'AYSA', 6564075, 1, '599.93', NULL, '2020-11-30 12:37:49', 1, 1),
(105, 869, 220, 'AYHB', 6564075, 1, '824.93', NULL, '2020-11-30 12:37:49', 1, 1),
(106, 965, 220, 'AXNT', 6559384, 1, '787.43', NULL, '2020-11-30 12:37:49', 1, 1),
(107, 965, 220, 'AYHD', 6559384, 1, '599.93', NULL, '2020-11-30 12:37:49', 1, 1),
(108, 965, 220, 'AYLL', 6559384, 1, '674.93', NULL, '2020-11-30 12:37:49', 1, 1),
(109, 840, 220, 'AYHX', 6559436, 1, '712.43', NULL, '2020-11-30 12:37:49', 1, 1),
(110, 840, 220, 'AYPQ', 6559436, 1, '862.43', NULL, '2020-11-30 12:37:49', 1, 1),
(111, 840, 220, 'AXUO', 6559436, 1, '1049.93', NULL, '2020-11-30 12:37:49', 1, 1),
(112, 82, 220, 'AXFM', 6559357, 1, '397.43', NULL, '2020-11-30 12:37:49', 1, 1),
(113, 82, 220, 'ATYM', 6559357, 2, '719.92', NULL, '2020-11-30 12:37:49', 1, 1),
(114, 82, 220, 'AYCH', 6559359, 1, '659.90', NULL, '2020-11-30 12:37:49', 1, 1),
(115, 82, 220, 'AXZC', 6564130, 1, '862.43', NULL, '2020-11-30 12:37:49', 1, 1),
(116, 549, 220, 'AXQJ', 6559408, 1, '1499.93', NULL, '2020-11-30 12:37:49', 1, 1),
(117, 549, 220, 'AXPK', 6559385, 1, '1029.90', NULL, '2020-11-30 12:37:49', 1, 1),
(118, 549, 220, 'AXNC', 6559385, 1, '1589.90', NULL, '2020-11-30 12:37:49', 1, 1),
(119, 549, 220, 'AVSL', 6559408, 1, '1124.93', NULL, '2020-11-30 12:37:49', 1, 1),
(120, 549, 220, 'AXXU', 6564103, 1, '524.93', NULL, '2020-11-30 12:37:49', 1, 1),
(121, 981, 220, 'AYNM', 6559421, 1, '524.93', NULL, '2020-11-30 12:37:49', 1, 1),
(122, 981, 220, 'ASGP', 6559421, 1, '337.46', NULL, '2020-11-30 12:37:49', 1, 1),
(123, 981, 220, 'ATYQ', 6559421, 1, '337.46', NULL, '2020-11-30 12:37:49', 1, 1),
(124, 981, 220, 'AYMM', 6559421, 1, '643.93', NULL, '2020-11-30 12:37:49', 1, 1),
(125, 981, 220, 'AYGH', 6559421, 1, '524.96', NULL, '2020-11-30 12:37:49', 1, 1),
(126, 981, 220, 'ZMOC', 6559421, 1, '1399.93', NULL, '2020-11-30 12:37:49', 1, 1),
(127, 981, 220, 'AYWW', 6559421, 1, '779.94', NULL, '2020-11-30 12:37:49', 1, 1),
(128, 981, 220, 'AYMK', 6559421, 1, '734.93', NULL, '2020-11-30 12:37:49', 1, 1),
(129, 981, 220, 'AYFF', 6559421, 1, '1014.93', NULL, '2020-11-30 12:37:49', 1, 1),
(130, 981, 220, 'AZBS', 6559421, 1, '524.96', NULL, '2020-11-30 12:37:49', 1, 1),
(131, 981, 220, 'AYND', 6559421, 1, '909.93', NULL, '2020-11-30 12:37:49', 1, 1),
(132, 981, 220, 'AXRG', 6559421, 1, '1399.93', NULL, '2020-11-30 12:37:49', 1, 1),
(133, 981, 220, 'AYCR', 6559421, 1, '944.93', NULL, '2020-11-30 12:37:49', 1, 1),
(134, 981, 220, 'AXWF', 6559421, 1, '559.93', NULL, '2020-11-30 12:37:49', 1, 1),
(135, 981, 220, 'AYEU', 6559421, 1, '699.93', NULL, '2020-11-30 12:37:49', 1, 1),
(136, 981, 220, 'AXQO', 6559463, 1, '799.90', NULL, '2020-11-30 12:37:49', 1, 1),
(137, 981, 220, 'AXQN', 6559463, 1, '1059.90', NULL, '2020-11-30 12:37:49', 1, 1),
(138, 894, 220, 'AYXY', 6559455, 1, '2519.91', NULL, '2020-11-30 12:37:49', 1, 1),
(139, 894, 220, 'AYHN', 6559455, 1, '1124.93', NULL, '2020-11-30 12:37:49', 1, 1),
(140, 925, 220, 'AXWF', 6559410, 1, '559.93', NULL, '2020-11-30 12:37:49', 1, 1),
(141, 925, 220, 'AYMI', 6559410, 1, '787.43', NULL, '2020-11-30 12:37:49', 1, 1),
(142, 925, 220, 'AXIQ', 6559424, 1, '1179.90', NULL, '2020-11-30 12:37:49', 1, 1),
(143, 925, 220, 'AYUY', 6559410, 1, '674.93', NULL, '2020-11-30 12:37:49', 1, 1),
(144, 925, 220, 'AXVQ', 6559410, 1, '674.93', NULL, '2020-11-30 12:37:49', 1, 1),
(145, 925, 220, 'AYQI', 6559410, 1, '997.43', NULL, '2020-11-30 12:37:49', 1, 1),
(146, 925, 220, 'AXHT', 6559410, 1, '1199.93', NULL, '2020-11-30 12:37:49', 1, 1),
(147, 925, 220, 'AYVW', 6559410, 1, '824.93', NULL, '2020-11-30 12:37:49', 1, 1),
(148, 1022, 220, 'AXIW', 6559429, 1, '1979.94', NULL, '2020-11-30 12:37:49', 1, 1),
(149, 1022, 220, 'AXSG', 6559429, 1, '997.43', NULL, '2020-11-30 12:37:49', 1, 1),
(150, 1022, 220, 'AYLN', 6559429, 1, '519.96', NULL, '2020-11-30 12:37:49', 1, 1),
(151, 1022, 220, 'AXTV', 6559429, 1, '712.43', NULL, '2020-11-30 12:37:49', 1, 1),
(152, 1022, 220, 'AYAG', 6559429, 1, '862.43', NULL, '2020-11-30 12:37:49', 1, 1),
(153, 1022, 220, 'AYWH', 6559429, 1, '202.43', NULL, '2020-11-30 12:37:49', 1, 1),
(154, 1022, 220, 'AXRN', 6559429, 1, '599.93', NULL, '2020-11-30 12:37:49', 1, 1),
(155, 1022, 220, 'AYLT', 6559429, 1, '519.96', NULL, '2020-11-30 12:37:49', 1, 1),
(156, 1022, 220, 'AZNS', 6559441, 1, '449.90', NULL, '2020-11-30 12:37:49', 1, 1),
(157, 269, 220, 'AQNP', 6559286, 1, '1124.93', NULL, '2020-11-30 12:37:49', 1, 1),
(158, 269, 220, 'AQQA', 6559286, 2, '2549.85', NULL, '2020-11-30 12:37:49', 1, 1),
(159, 269, 220, 'AYBU', 6559286, 1, '639.96', NULL, '2020-11-30 12:37:49', 1, 1),
(160, 269, 220, 'AYCA', 6559286, 1, '639.96', NULL, '2020-11-30 12:37:49', 1, 1),
(161, 0, 220, 'AWOY', 6559431, 2, '749.85', NULL, '2020-11-30 12:37:49', 1, 1),
(162, 0, 220, 'ATWS', 6564951, 1, '0.01', NULL, '2020-11-30 12:37:49', 1, 1),
(163, 0, 220, 'AULI', 6564954, 1, '0.01', NULL, '2020-11-30 12:37:49', 1, 1),
(164, 0, 220, 'ZLOL', 6564114, 2, '399.80', NULL, '2020-11-30 12:37:49', 1, 1),
(165, 0, 220, 'APTB', 6564951, 1, '0.01', NULL, '2020-11-30 12:37:49', 1, 1),
(166, 0, 220, 'AUBN', 6564951, 1, '0.01', NULL, '2020-11-30 12:37:49', 1, 1),
(167, 694, 220, 'AYNJ', 6559411, 1, '562.43', NULL, '2020-11-30 12:37:49', 1, 1),
(168, 902, 220, 'AUIM', 6559393, 1, '974.93', NULL, '2020-11-30 12:37:49', 1, 1),
(169, 751, 220, 'AYKN', 6559403, 1, '862.43', NULL, '2020-11-30 12:37:49', 1, 1),
(170, 751, 220, 'AYNE', 6559403, 1, '974.93', NULL, '2020-11-30 12:37:49', 1, 1),
(171, 751, 220, 'AOZN', 6559403, 1, '1649.93', NULL, '2020-11-30 12:37:49', 1, 1),
(172, 751, 220, 'AZBG', 6559403, 1, '989.91', NULL, '2020-11-30 12:37:49', 1, 1),
(173, 878, 220, 'AYJN', 6559300, 1, '699.93', NULL, '2020-11-30 12:37:49', 1, 1),
(174, 878, 220, 'AYWJ', 6559300, 1, '352.43', NULL, '2020-11-30 12:37:49', 1, 1),
(175, 878, 220, 'AUHN', 6559300, 1, '1274.93', NULL, '2020-11-30 12:37:49', 1, 1),
(176, 878, 220, 'AYEB', 6559300, 1, '1162.43', NULL, '2020-11-30 12:37:49', 1, 1),
(177, 878, 220, 'AYRO', 6559300, 2, '511.92', NULL, '2020-11-30 12:37:49', 1, 1),
(178, 878, 220, 'AXOR', 6559300, 1, '824.93', NULL, '2020-11-30 12:37:49', 1, 1),
(179, 878, 220, 'AXQF', 6559336, 1, '929.90', NULL, '2020-11-30 12:37:49', 1, 1),
(180, 1006, 220, 'AZBM', 6559392, 2, '375.92', NULL, '2020-11-30 12:37:49', 1, 1),
(181, 1006, 220, 'AYBZ', 6559392, 1, '639.96', NULL, '2020-11-30 12:37:49', 1, 1),
(182, 1006, 220, 'AYET', 6559392, 1, '749.93', NULL, '2020-11-30 12:37:49', 1, 1),
(183, 1006, 220, 'AQNQ', 6559392, 1, '1124.93', NULL, '2020-11-30 12:37:49', 1, 1),
(184, 1006, 220, 'AYBX', 6559392, 1, '639.96', NULL, '2020-11-30 12:37:49', 1, 1),
(185, 1006, 220, 'AOUN', 6559392, 1, '599.94', NULL, '2020-11-30 12:37:49', 1, 1),
(186, 1006, 220, 'AQQA', 6559392, 1, '1274.93', NULL, '2020-11-30 12:37:49', 1, 1),
(187, 1013, 220, 'AQPZ', 6559369, 1, '1274.93', NULL, '2020-11-30 12:37:49', 1, 1),
(188, 1013, 220, 'AYCQ', 6559369, 1, '1012.43', NULL, '2020-11-30 12:37:49', 1, 1),
(189, 1013, 220, 'AXPV', 6559369, 1, '824.93', NULL, '2020-11-30 12:37:49', 1, 1),
(190, 1013, 220, 'AXXY', 6559370, 1, '549.90', NULL, '2020-11-30 12:37:49', 1, 1),
(191, 1013, 220, 'AYLF', 6559369, 1, '749.93', NULL, '2020-11-30 12:37:49', 1, 1),
(192, 1013, 220, 'AYEX', 6559369, 1, '959.94', NULL, '2020-11-30 12:37:49', 1, 1),
(193, 1013, 220, 'AYNE', 6559369, 1, '974.93', NULL, '2020-11-30 12:37:49', 1, 1),
(194, 1013, 220, 'AXQF', 6559370, 1, '929.90', NULL, '2020-11-30 12:37:49', 1, 1),
(195, 1013, 220, 'AYQX', 6559369, 1, '299.93', NULL, '2020-11-30 12:37:49', 1, 1),
(196, 1013, 220, 'AUIL', 6559369, 1, '974.93', NULL, '2020-11-30 12:37:49', 1, 1),
(197, 1013, 220, 'APKP', 6564052, 1, '674.93', NULL, '2020-11-30 12:37:49', 1, 1),
(198, 796, 220, 'AIAQ', 6559345, 1, '239.96', NULL, '2020-11-30 12:37:49', 1, 1),
(199, 796, 220, 'AYTU', 6559345, 1, '524.93', NULL, '2020-11-30 12:37:49', 1, 1),
(200, 796, 220, 'AYIL', 6559345, 1, '749.93', NULL, '2020-11-30 12:37:49', 1, 1),
(201, 796, 220, 'AYXD', 6559345, 1, '899.93', NULL, '2020-11-30 12:37:49', 1, 1),
(202, 796, 220, 'AIAS', 6559345, 1, '239.96', NULL, '2020-11-30 12:37:49', 1, 1),
(203, 796, 220, 'AXIO', 6559345, 1, '1124.93', NULL, '2020-11-30 12:37:49', 1, 1),
(204, 796, 220, 'AXPP', 6559345, 1, '862.43', NULL, '2020-11-30 12:37:49', 1, 1),
(205, 796, 220, 'AXOX', 6559355, 1, '1399.90', NULL, '2020-11-30 12:37:49', 1, 1),
(206, 796, 220, 'AYBC', 6559355, 1, '929.90', NULL, '2020-11-30 12:37:49', 1, 1),
(207, 796, 220, 'AYFR', 6559355, 1, '899.90', NULL, '2020-11-30 12:37:49', 1, 1),
(208, 796, 220, 'ALLZ', 6559355, 1, '449.90', NULL, '2020-11-30 12:37:49', 1, 1),
(209, 796, 220, 'AYCM', 6564090, 1, '674.93', NULL, '2020-11-30 12:37:49', 1, 1),
(210, 939, 220, 'AYLM', 6559329, 1, '674.93', NULL, '2020-11-30 12:37:49', 1, 1),
(211, 939, 220, 'AYSR', 6559329, 1, '314.93', NULL, '2020-11-30 12:37:49', 1, 1),
(212, 939, 220, 'AXJX', 6559329, 1, '1124.93', NULL, '2020-11-30 12:37:49', 1, 1),
(213, 939, 220, 'AXPP', 6559329, 1, '862.43', NULL, '2020-11-30 12:37:49', 1, 1),
(214, 939, 220, 'AXIX', 6559329, 1, '1979.94', NULL, '2020-11-30 12:37:49', 1, 1),
(215, 939, 220, 'AYPN', 6559329, 1, '1199.93', NULL, '2020-11-30 12:37:49', 1, 1),
(216, 939, 220, 'AYTY', 6559329, 1, '712.43', NULL, '2020-11-30 12:37:49', 1, 1),
(217, 939, 220, 'AYWI', 6559329, 1, '352.43', NULL, '2020-11-30 12:37:49', 1, 1),
(218, 939, 220, 'AYBQ', 6559360, 2, '1599.80', NULL, '2020-11-30 12:37:49', 1, 1),
(219, 939, 220, 'ANAM', 6559360, 1, '399.90', NULL, '2020-11-30 12:37:49', 1, 1),
(220, 939, 220, 'ALNT', 6559360, 1, '799.90', NULL, '2020-11-30 12:37:49', 1, 1),
(221, 823, 220, 'AXIO', 6559402, 1, '1124.93', NULL, '2020-11-30 12:37:49', 1, 1),
(222, 823, 220, 'AXZH', 6559402, 1, '644.93', NULL, '2020-11-30 12:37:49', 1, 1),
(223, 914, 220, 'AYBR', 6564069, 1, '799.90', NULL, '2020-11-30 12:37:49', 1, 1),
(224, 914, 220, 'AXVK', 6564069, 1, '589.90', NULL, '2020-11-30 12:37:49', 1, 1),
(225, 914, 220, 'AXNF', 6564069, 1, '1589.90', NULL, '2020-11-30 12:37:49', 1, 1),
(226, 914, 220, 'AXSO', 6564073, 1, '944.93', NULL, '2020-11-30 12:37:49', 1, 1),
(227, 914, 220, 'AOVR', 6564069, 1, '449.90', NULL, '2020-11-30 12:37:49', 1, 1),
(228, 914, 220, 'ZLOL', 6564073, 1, '199.90', NULL, '2020-11-30 12:37:49', 1, 1),
(229, 914, 220, 'AROC', 6564069, 1, '689.90', NULL, '2020-11-30 12:37:49', 1, 1),
(230, 1021, 220, 'AXTU', 6559380, 1, '664.93', NULL, '2020-11-30 12:37:49', 1, 1),
(231, 1021, 220, 'AXQN', 6559397, 1, '1059.90', NULL, '2020-11-30 12:37:49', 1, 1),
(232, 1021, 220, 'AXQB', 6559380, 1, '531.93', NULL, '2020-11-30 12:37:49', 1, 1),
(233, 1021, 220, 'AYBJ', 6559380, 1, '674.96', NULL, '2020-11-30 12:37:49', 1, 1),
(234, 1021, 220, 'AXWE', 6559397, 1, '589.90', NULL, '2020-11-30 12:37:49', 1, 1),
(235, 1021, 220, 'AXVO', 6559380, 1, '629.93', NULL, '2020-11-30 12:37:49', 1, 1),
(236, 1021, 220, 'AXXK', 6559380, 1, '909.93', NULL, '2020-11-30 12:37:49', 1, 1),
(237, 1021, 220, 'AYPP', 6559380, 1, '804.93', NULL, '2020-11-30 12:37:49', 1, 1),
(238, 1021, 220, 'APHU', 6559397, 1, '689.90', NULL, '2020-11-30 12:37:49', 1, 1),
(239, 1021, 220, 'AYFC', 6559380, 1, '489.93', NULL, '2020-11-30 12:37:49', 1, 1),
(240, 1021, 220, 'AYUD', 6559380, 1, '664.93', NULL, '2020-11-30 12:37:49', 1, 1),
(241, 1021, 220, 'AYBP', 6559380, 1, '674.96', NULL, '2020-11-30 12:37:49', 1, 1),
(242, 1021, 220, 'AYHC', 6559380, 1, '769.93', NULL, '2020-11-30 12:37:49', 1, 1),
(243, 1021, 220, 'AYNU', 6559380, 1, '1119.93', NULL, '2020-11-30 12:37:49', 1, 1),
(244, 1021, 220, 'AXVI', 6559380, 1, '580.93', NULL, '2020-11-30 12:37:49', 1, 1),
(245, 1021, 220, 'AXIR', 6559397, 1, '1179.90', NULL, '2020-11-30 12:37:49', 1, 1),
(246, 139, 220, 'APKQ', 6559342, 1, '637.46', NULL, '2020-11-30 12:37:49', 1, 1),
(247, 139, 220, 'BAXG', 6559342, 1, '909.93', NULL, '2020-11-30 12:37:49', 1, 1),
(248, 139, 220, 'AXTS', 6559342, 1, '804.93', NULL, '2020-11-30 12:37:49', 1, 1),
(249, 139, 220, 'AYNE', 6559342, 2, '1819.86', NULL, '2020-11-30 12:37:49', 1, 1),
(250, 139, 220, 'AYCG', 6559342, 1, '1049.93', NULL, '2020-11-30 12:37:49', 1, 1),
(251, 139, 220, 'BAXF', 6559342, 1, '909.93', NULL, '2020-11-30 12:37:49', 1, 1),
(252, 139, 220, 'AYNF', 6559342, 1, '909.93', NULL, '2020-11-30 12:37:49', 1, 1),
(253, 139, 220, 'APKN', 6559342, 1, '637.46', NULL, '2020-11-30 12:37:49', 1, 1),
(254, 139, 220, 'AYCR', 6559342, 1, '944.93', NULL, '2020-11-30 12:37:49', 1, 1),
(255, 139, 220, 'AYFN', 6559342, 1, '874.93', NULL, '2020-11-30 12:37:49', 1, 1),
(256, 139, 220, 'AXOW', 6564110, 1, '1399.90', NULL, '2020-11-30 12:37:49', 1, 1),
(257, 975, 220, 'AXPW', 6559416, 1, '629.93', NULL, '2020-11-30 12:37:49', 1, 1),
(258, 975, 220, 'ASGS', 6559416, 1, '337.46', NULL, '2020-11-30 12:37:49', 1, 1),
(259, 975, 220, 'AYHE', 6559416, 1, '559.93', NULL, '2020-11-30 12:37:49', 1, 1),
(260, 975, 220, 'ASGP', 6559416, 1, '337.46', NULL, '2020-11-30 12:37:49', 1, 1),
(261, 975, 220, 'AYFC', 6559416, 1, '489.93', NULL, '2020-11-30 12:37:49', 1, 1),
(262, 975, 220, 'AUQT', 6559416, 1, '1021.93', NULL, '2020-11-30 12:37:49', 1, 1),
(263, 975, 220, 'AUIM', 6559416, 1, '909.93', NULL, '2020-11-30 12:37:49', 1, 1),
(264, 975, 220, 'AYOX', 6559416, 1, '664.93', NULL, '2020-11-30 12:37:49', 1, 1),
(265, 975, 220, 'AYEY', 6559416, 1, '959.94', NULL, '2020-11-30 12:37:49', 1, 1),
(266, 975, 220, 'AUHO', 6559416, 1, '1189.93', NULL, '2020-11-30 12:37:49', 1, 1),
(267, 975, 220, 'AYET', 6559416, 2, '1399.86', NULL, '2020-11-30 12:37:49', 1, 1),
(268, 975, 220, 'AXJX', 6559416, 1, '1049.93', NULL, '2020-11-30 12:37:49', 1, 1),
(269, 975, 220, 'AZAE', 6559462, 1, '679.90', NULL, '2020-11-30 12:37:49', 1, 1),
(270, 288, 220, 'AUHX', 6559400, 1, '749.93', NULL, '2020-11-30 12:37:49', 1, 1),
(271, 288, 220, 'AUVZ', 6559400, 1, '637.43', NULL, '2020-11-30 12:37:49', 1, 1),
(272, 288, 220, 'AYBJ', 6559400, 1, '824.93', NULL, '2020-11-30 12:37:49', 1, 1),
(273, 288, 220, 'AYHC', 6559400, 1, '824.93', NULL, '2020-11-30 12:37:49', 1, 1),
(274, 90, 220, 'BAXG', 6564117, 1, '974.93', NULL, '2020-11-30 12:37:49', 1, 1),
(275, 90, 220, 'AOVR', 6564122, 1, '449.90', NULL, '2020-11-30 12:37:49', 1, 1),
(276, 90, 220, 'AYMJ', 6564117, 1, '787.43', NULL, '2020-11-30 12:37:49', 1, 1),
(277, 811, 220, 'AJLA', 6559340, 1, '173.31', NULL, '2020-11-30 12:37:49', 1, 1),
(278, 811, 220, 'ASGP', 6559340, 1, '374.93', NULL, '2020-11-30 12:37:49', 1, 1),
(279, 811, 220, 'AJLB', 6559340, 1, '173.31', NULL, '2020-11-30 12:37:49', 1, 1),
(280, 811, 220, 'APKO', 6559340, 1, '674.93', NULL, '2020-11-30 12:37:49', 1, 1),
(281, 811, 220, 'AWOC', 6559340, 1, '944.93', NULL, '2020-11-30 12:37:49', 1, 1),
(282, 811, 220, 'AXVN', 6559340, 1, '674.93', NULL, '2020-11-30 12:37:49', 1, 1),
(283, 811, 220, 'AJKZ', 6559340, 1, '173.31', NULL, '2020-11-30 12:37:49', 1, 1),
(284, 811, 220, 'AWLO', 6559340, 1, '247.43', NULL, '2020-11-30 12:37:49', 1, 1),
(285, 811, 220, 'AYFR', 6559354, 1, '899.90', NULL, '2020-11-30 12:37:49', 1, 1),
(286, 811, 220, 'AYBC', 6559354, 1, '929.90', NULL, '2020-11-30 12:37:49', 1, 1),
(287, 811, 220, 'APHR', 6559354, 1, '689.90', NULL, '2020-11-30 12:37:49', 1, 1),
(288, 989, 220, 'AHZZ', 6559323, 1, '188.93', NULL, '2020-11-30 12:37:49', 1, 1),
(289, 989, 220, 'ATBL', 6559323, 1, '176.21', NULL, '2020-11-30 12:37:49', 1, 1),
(290, 989, 220, 'ATBJ', 6559323, 1, '176.21', NULL, '2020-11-30 12:37:49', 1, 1),
(291, 989, 220, 'AXJX', 6559323, 1, '1049.93', NULL, '2020-11-30 12:37:49', 1, 1),
(292, 989, 220, 'ASGR', 6559323, 1, '349.93', NULL, '2020-11-30 12:37:49', 1, 1),
(293, 989, 220, 'AMZP', 6559323, 1, '188.93', NULL, '2020-11-30 12:37:49', 1, 1),
(294, 989, 220, 'ZMOC', 6559323, 1, '1399.93', NULL, '2020-11-30 12:37:49', 1, 1),
(295, 989, 220, 'AXXK', 6559323, 1, '909.93', NULL, '2020-11-30 12:37:49', 1, 1),
(296, 989, 220, 'AYPB', 6559323, 1, '337.46', NULL, '2020-11-30 12:37:49', 1, 1),
(297, 989, 220, 'AYHM', 6559323, 1, '1049.93', NULL, '2020-11-30 12:37:49', 1, 1),
(298, 989, 220, 'AXVP', 6559323, 1, '629.93', NULL, '2020-11-30 12:37:49', 1, 1),
(299, 989, 220, 'AYOY', 6559323, 1, '337.46', NULL, '2020-11-30 12:37:49', 1, 1),
(300, 989, 220, 'AWIY', 6559374, 1, '499.90', NULL, '2020-11-30 12:37:49', 1, 1),
(301, 989, 220, 'AXJL', 6564066, 1, '674.96', NULL, '2020-11-30 12:37:49', 1, 1),
(302, 989, 220, 'AXJO', 6564066, 1, '674.96', NULL, '2020-11-30 12:37:49', 1, 1),
(303, 665, 220, 'AWKT', 6564104, 1, '247.43', NULL, '2020-11-30 12:37:49', 1, 1),
(304, 665, 220, 'AYSO', 6564104, 1, '599.93', NULL, '2020-11-30 12:37:49', 1, 1),
(305, 476, 220, 'AUVY', 6559294, 1, '594.93', NULL, '2020-11-30 12:37:49', 1, 1),
(306, 476, 220, 'AWUH', 6559294, 1, '307.93', NULL, '2020-11-30 12:37:49', 1, 1),
(307, 476, 220, 'AXJK', 6559294, 1, '674.96', NULL, '2020-11-30 12:37:49', 1, 1),
(308, 476, 220, 'AXJN', 6559294, 1, '674.96', NULL, '2020-11-30 12:37:49', 1, 1),
(309, 476, 220, 'AXTU', 6559294, 1, '664.93', NULL, '2020-11-30 12:37:49', 1, 1),
(310, 476, 220, 'AXVS', 6559294, 1, '599.96', NULL, '2020-11-30 12:37:49', 1, 1),
(311, 476, 220, 'AXVV', 6559294, 1, '599.96', NULL, '2020-11-30 12:37:49', 1, 1),
(312, 476, 220, 'AYCO', 6559294, 1, '629.93', NULL, '2020-11-30 12:37:49', 1, 1),
(313, 476, 220, 'AYTY', 6559294, 1, '664.93', NULL, '2020-11-30 12:37:49', 1, 1),
(314, 476, 220, 'AYQR', 6559294, 1, '370.93', NULL, '2020-11-30 12:37:49', 1, 1),
(315, 476, 220, 'AZBM', 6559294, 1, '176.21', NULL, '2020-11-30 12:37:49', 1, 1),
(316, 476, 220, 'AYJZ', 6559294, 1, '664.93', NULL, '2020-11-30 12:37:49', 1, 1),
(317, 476, 220, 'AYTT', 6559294, 1, '419.94', NULL, '2020-11-30 12:37:49', 1, 1),
(318, 476, 220, 'AYEI', 6559294, 1, '804.93', NULL, '2020-11-30 12:37:49', 1, 1),
(319, 476, 220, 'AYMJ', 6559294, 2, '1469.86', NULL, '2020-11-30 12:37:49', 1, 1),
(320, 476, 220, 'AYGF', 6559294, 1, '524.96', NULL, '2020-11-30 12:37:49', 1, 1),
(321, 476, 220, 'AYGI', 6559294, 1, '524.96', NULL, '2020-11-30 12:37:49', 1, 1),
(322, 476, 220, 'AYEL', 6559294, 1, '629.93', NULL, '2020-11-30 12:37:49', 1, 1),
(323, 476, 220, 'AYUP', 6559294, 1, '489.93', NULL, '2020-11-30 12:37:49', 1, 1),
(324, 476, 220, 'AYHO', 6559294, 1, '1049.93', NULL, '2020-11-30 12:37:49', 1, 1),
(325, 476, 220, 'AZBL', 6559294, 1, '176.21', NULL, '2020-11-30 12:37:49', 1, 1),
(326, 476, 220, 'AYEQ', 6564109, 1, '629.93', NULL, '2020-11-30 12:37:49', 1, 1),
(327, 907, 220, 'DHL', 6559351, 1, '461.93', NULL, '2020-11-30 12:37:49', 1, 1),
(328, 907, 220, 'AWLS', 6559351, 2, '412.43', NULL, '2020-11-30 12:37:49', 1, 1),
(329, 907, 220, 'AXPX', 6559351, 1, '629.93', NULL, '2020-11-30 12:37:49', 1, 1),
(330, 907, 220, 'AYXE', 6559351, 1, '839.93', NULL, '2020-11-30 12:37:49', 1, 1),
(331, 907, 220, 'AZBT', 6559351, 1, '524.96', NULL, '2020-11-30 12:37:49', 1, 1),
(332, 907, 220, 'AYUY', 6559351, 1, '629.93', NULL, '2020-11-30 12:37:49', 1, 1),
(333, 907, 220, 'AXXA', 6559351, 1, '944.93', NULL, '2020-11-30 12:37:49', 1, 1),
(334, 907, 220, 'AYFZ', 6559351, 1, '524.96', NULL, '2020-11-30 12:37:49', 1, 1),
(335, 907, 220, 'AYUT', 6559351, 1, '1119.93', NULL, '2020-11-30 12:37:49', 1, 1),
(336, 907, 220, 'AYKP', 6559351, 1, '804.93', NULL, '2020-11-30 12:37:49', 1, 1),
(337, 703, 220, 'AYAD', 6559301, 1, '804.93', NULL, '2020-11-30 12:37:49', 1, 1),
(338, 703, 220, 'AYPN', 6559301, 1, '1119.93', NULL, '2020-11-30 12:37:49', 1, 1),
(339, 703, 220, 'AXVS', 6559301, 1, '599.96', NULL, '2020-11-30 12:37:49', 1, 1),
(340, 703, 220, 'AYEF', 6559309, 1, '999.90', NULL, '2020-11-30 12:37:49', 1, 1),
(341, 703, 220, 'AXQA', 6559301, 1, '531.93', NULL, '2020-11-30 12:37:49', 1, 1),
(342, 703, 220, 'AOUN', 6559301, 1, '599.94', NULL, '2020-11-30 12:37:49', 1, 1),
(343, 703, 220, 'AYQG', 6559301, 1, '1210.93', NULL, '2020-11-30 12:37:49', 1, 1),
(344, 703, 220, 'AASX', 6559301, 1, '1539.93', NULL, '2020-11-30 12:37:49', 1, 1),
(345, 703, 220, 'AWDN', 6559301, 2, '1959.86', NULL, '2020-11-30 12:37:49', 1, 1),
(346, 703, 220, 'AYNF', 6559301, 1, '909.93', NULL, '2020-11-30 12:37:49', 1, 1),
(347, 703, 220, 'AYEG', 6559309, 1, '999.90', NULL, '2020-11-30 12:37:49', 1, 1),
(348, 703, 220, 'AZGE', 6559309, 1, '559.90', NULL, '2020-11-30 12:37:49', 1, 1),
(349, 703, 220, 'AXVY', 6559301, 1, '599.96', NULL, '2020-11-30 12:37:49', 1, 1),
(350, 703, 220, 'AYQW', 6559301, 1, '279.93', NULL, '2020-11-30 12:37:49', 1, 1),
(351, 703, 220, 'AWMB', 6564085, 1, '1189.93', NULL, '2020-11-30 12:37:49', 1, 1),
(352, 703, 220, 'AYBZ', 6564085, 1, '599.96', NULL, '2020-11-30 12:37:49', 1, 1),
(353, 703, 220, 'AYBT', 6564085, 1, '599.96', NULL, '2020-11-30 12:37:49', 1, 1),
(354, 986, 220, 'AWLS', 6559425, 1, '219.96', NULL, '2020-11-30 12:37:49', 1, 1),
(355, 986, 220, 'AXTV', 6559425, 1, '712.43', NULL, '2020-11-30 12:37:49', 1, 1),
(356, 986, 220, 'AZBP', 6559425, 1, '119.93', NULL, '2020-11-30 12:37:49', 1, 1),
(357, 986, 220, 'AWKU', 6559425, 1, '219.96', NULL, '2020-11-30 12:37:49', 1, 1),
(358, 986, 220, 'AYAC', 6559425, 1, '862.43', NULL, '2020-11-30 12:37:49', 1, 1),
(359, 986, 220, 'ATYI', 6564107, 1, '699.93', NULL, '2020-11-30 12:37:49', 1, 1),
(360, 516, 220, 'AUWH', 6559427, 1, '399.90', NULL, '2020-11-30 12:37:49', 1, 1),
(361, 33, 220, 'AYGC', 6559343, 1, '559.96', NULL, '2020-11-30 12:37:49', 1, 1),
(362, 33, 220, 'AXQR', 6559343, 1, '1049.93', NULL, '2020-11-30 12:37:49', 1, 1),
(363, 33, 220, 'AZBT', 6559343, 1, '559.96', NULL, '2020-11-30 12:37:49', 1, 1),
(364, 923, 220, 'AYXE', 6559420, 1, '899.93', NULL, '2020-11-30 12:37:49', 1, 1),
(365, 923, 220, 'AYHB', 6559420, 1, '824.93', NULL, '2020-11-30 12:37:49', 1, 1),
(366, 991, 220, 'AYHB', 6559375, 1, '769.93', NULL, '2020-11-30 12:37:49', 1, 1),
(367, 991, 220, 'AYNE', 6559375, 1, '909.93', NULL, '2020-11-30 12:37:49', 1, 1),
(368, 991, 220, 'AYCP', 6559375, 1, '629.93', NULL, '2020-11-30 12:37:49', 1, 1),
(369, 991, 220, 'AYUE', 6559375, 1, '664.93', NULL, '2020-11-30 12:37:49', 1, 1),
(370, 991, 220, 'AZNQ', 6559386, 1, '449.90', NULL, '2020-11-30 12:37:49', 1, 1),
(371, 991, 220, 'AXWR', 6559375, 1, '1329.93', NULL, '2020-11-30 12:37:49', 1, 1),
(372, 991, 220, 'AXWG', 6559375, 1, '559.93', NULL, '2020-11-30 12:37:49', 1, 1),
(373, 991, 220, 'AYNF', 6559375, 1, '909.93', NULL, '2020-11-30 12:37:49', 1, 1),
(374, 991, 220, 'AOVB', 6559375, 2, '1199.88', NULL, '2020-11-30 12:37:49', 1, 1),
(375, 991, 220, 'AYVN', 6559375, 1, '664.93', NULL, '2020-11-30 12:37:49', 1, 1),
(376, 991, 220, 'AYTY', 6559375, 1, '664.93', NULL, '2020-11-30 12:37:49', 1, 1),
(377, 991, 220, 'BAXG', 6559375, 1, '909.93', NULL, '2020-11-30 12:37:49', 1, 1),
(378, 943, 220, 'AYHA', 6559382, 2, '1539.86', NULL, '2020-11-30 12:37:49', 1, 1),
(379, 943, 220, 'AYCY', 6559382, 1, '909.93', NULL, '2020-11-30 12:37:49', 1, 1),
(380, 943, 220, 'AYXA', 6559382, 1, '659.94', NULL, '2020-11-30 12:37:49', 1, 1),
(381, 943, 220, 'AYMR', 6559387, 1, '529.90', NULL, '2020-11-30 12:37:49', 1, 1),
(382, 943, 220, 'AXWQ', 6559382, 1, '1139.94', NULL, '2020-11-30 12:37:49', 1, 1),
(383, 943, 220, 'AYAG', 6559382, 1, '804.93', NULL, '2020-11-30 12:37:49', 1, 1),
(384, 943, 220, 'AYFL', 6559382, 1, '839.93', NULL, '2020-11-30 12:37:49', 1, 1),
(385, 943, 220, 'AWKB', 6559382, 1, '262.46', NULL, '2020-11-30 12:37:49', 1, 1),
(386, 943, 220, 'AWJY', 6559382, 1, '262.46', NULL, '2020-11-30 12:37:49', 1, 1),
(387, 943, 220, 'AXPP', 6559382, 1, '804.93', NULL, '2020-11-30 12:37:49', 1, 1),
(388, 943, 220, 'AYBE', 6559382, 1, '769.93', NULL, '2020-11-30 12:37:49', 1, 1),
(389, 943, 220, 'AXZD', 6559382, 1, '804.93', NULL, '2020-11-30 12:37:49', 1, 1),
(390, 943, 220, 'AYVA', 6559382, 1, '629.93', NULL, '2020-11-30 12:37:49', 1, 1),
(391, 943, 220, 'AXOT', 6559382, 1, '769.93', NULL, '2020-11-30 12:37:49', 1, 1),
(392, 943, 220, 'AXYU', 6564082, 1, '804.93', NULL, '2020-11-30 12:37:49', 1, 1),
(393, 961, 220, 'AYEM', 6559426, 1, '674.93', NULL, '2020-11-30 12:37:49', 1, 1),
(394, 974, 220, 'AXWF', 6559389, 1, '599.93', NULL, '2020-11-30 12:37:49', 1, 1),
(395, 974, 220, 'AWDM', 6559389, 1, '1049.93', NULL, '2020-11-30 12:37:49', 1, 1),
(396, 974, 220, 'AYCO', 6559389, 1, '674.93', NULL, '2020-11-30 12:37:49', 1, 1),
(397, 974, 220, 'AXSO', 6559389, 1, '944.93', NULL, '2020-11-30 12:37:49', 1, 1),
(398, 1005, 220, 'AYFF', 6559383, 1, '1087.43', NULL, '2020-11-30 12:37:49', 1, 1),
(399, 1005, 220, 'AYBP', 6559383, 1, '719.96', NULL, '2020-11-30 12:37:49', 1, 1),
(400, 1005, 220, 'AXSN', 6559383, 1, '944.93', NULL, '2020-11-30 12:37:49', 1, 1),
(401, 1005, 220, 'AYQS', 6559383, 1, '397.43', NULL, '2020-11-30 12:37:49', 1, 1),
(402, 1005, 220, 'AYBG', 6559383, 1, '719.96', NULL, '2020-11-30 12:37:49', 1, 1),
(403, 1005, 220, 'AYCE', 6559383, 1, '639.96', NULL, '2020-11-30 12:37:49', 1, 1),
(404, 1005, 220, 'AXTJ', 6559383, 1, '862.43', NULL, '2020-11-30 12:37:49', 1, 1),
(405, 1005, 220, 'AXJG', 6559383, 1, '519.96', NULL, '2020-11-30 12:37:49', 1, 1),
(406, 1005, 220, 'AVBI', 6559383, 1, '519.96', NULL, '2020-11-30 12:37:49', 1, 1),
(407, 1005, 220, 'AXWR', 6564050, 1, '1329.93', NULL, '2020-11-30 12:37:49', 1, 1),
(408, 1005, 220, 'AYUC', 6564050, 1, '664.93', NULL, '2020-11-30 12:37:49', 1, 1),
(409, 1005, 220, 'AYBY', 6564650, 1, '599.96', NULL, '2020-11-30 12:37:49', 1, 1),
(410, 557, 220, 'AUHX', 6559415, 1, '749.93', NULL, '2020-11-30 12:37:49', 1, 1),
(411, 557, 220, 'AXXB', 6559415, 1, '1199.93', NULL, '2020-11-30 12:37:49', 1, 1),
(412, 557, 220, 'AYSV', 6564083, 1, '247.43', NULL, '2020-11-30 12:37:49', 1, 1),
(413, 557, 220, 'AXJD', 6564083, 1, '759.96', NULL, '2020-11-30 12:37:49', 1, 1),
(414, 557, 220, 'AOUN', 6564083, 1, '759.96', NULL, '2020-11-30 12:37:49', 1, 1),
(415, 557, 220, 'AOVB', 6564083, 1, '759.96', NULL, '2020-11-30 12:37:49', 1, 1),
(416, 557, 220, 'AYMK', 6564083, 1, '787.43', NULL, '2020-11-30 12:37:49', 1, 1),
(417, 557, 220, 'AOVE', 6564083, 1, '759.96', NULL, '2020-11-30 12:37:49', 1, 1),
(418, 876, 220, 'AYHC', 6559334, 2, '1649.85', NULL, '2020-11-30 12:37:49', 1, 1),
(419, 876, 220, 'AXHT', 6559334, 1, '1199.93', NULL, '2020-11-30 12:37:49', 1, 1),
(420, 876, 220, 'AYXX', 6564089, 1, '2519.91', NULL, '2020-11-30 12:37:49', 1, 1),
(421, 876, 220, 'DHX', 6564089, 1, '449.93', NULL, '2020-11-30 12:37:49', 1, 1),
(422, 844, 220, 'AUHE', 6559379, 1, '974.93', NULL, '2020-11-30 12:37:49', 1, 1),
(423, 844, 220, 'AOUO', 6559379, 1, '759.96', NULL, '2020-11-30 12:37:49', 1, 1),
(424, 844, 220, 'AOVD', 6559379, 1, '759.96', NULL, '2020-11-30 12:37:49', 1, 1),
(425, 844, 220, 'AYQY', 6559379, 1, '279.93', NULL, '2020-11-30 12:37:49', 1, 1),
(426, 844, 220, 'AYDZ', 6559379, 1, '862.43', NULL, '2020-11-30 12:37:49', 1, 1),
(427, 844, 220, 'AXSG', 6559379, 1, '997.43', NULL, '2020-11-30 12:37:49', 1, 1),
(428, 844, 220, 'AXJD', 6559379, 1, '759.96', NULL, '2020-11-30 12:37:49', 1, 1),
(429, 844, 220, 'AOVA', 6559379, 1, '759.96', NULL, '2020-11-30 12:37:49', 1, 1),
(430, 845, 220, 'AXIW', 6559476, 1, '2474.93', NULL, '2020-11-30 12:37:49', 1, 1),
(431, 839, 220, 'AXRN', 6559396, 1, '599.93', NULL, '2020-11-30 12:37:49', 1, 1),
(432, 839, 220, 'AZBS', 6559396, 1, '559.96', NULL, '2020-11-30 12:37:49', 1, 1),
(433, 839, 220, 'AXWD', 6559406, 1, '589.90', NULL, '2020-11-30 12:37:49', 1, 1),
(434, 839, 220, 'ZMOC', 6559396, 1, '1499.93', NULL, '2020-11-30 12:37:49', 1, 1),
(435, 839, 220, 'AOUN', 6559396, 1, '599.94', NULL, '2020-11-30 12:37:49', 1, 1),
(436, 839, 220, 'AYQZ', 6559396, 1, '299.93', NULL, '2020-11-30 12:37:49', 1, 1),
(437, 839, 220, 'AXWO', 6559406, 1, '1299.90', NULL, '2020-11-30 12:37:49', 1, 1),
(438, 839, 220, 'AYSL', 6559396, 1, '292.43', NULL, '2020-11-30 12:37:49', 1, 1),
(439, 839, 220, 'AYGB', 6559396, 1, '559.96', NULL, '2020-11-30 12:37:49', 1, 1),
(440, 929, 220, 'AWKC', 6559338, 1, '322.43', NULL, '2020-11-30 12:37:49', 1, 1),
(441, 929, 220, 'AYMK', 6559338, 1, '787.43', NULL, '2020-11-30 12:37:49', 1, 1),
(442, 929, 220, 'AYLG', 6559338, 1, '749.93', NULL, '2020-11-30 12:37:49', 1, 1),
(443, 929, 220, 'ASGP', 6559338, 1, '374.93', NULL, '2020-11-30 12:37:49', 1, 1),
(444, 929, 220, 'AYEU', 6559338, 1, '749.93', NULL, '2020-11-30 12:37:49', 1, 1),
(445, 929, 220, 'AWDM', 6559338, 2, '2099.85', NULL, '2020-11-30 12:37:49', 1, 1),
(446, 929, 220, 'AYHC', 6559338, 1, '824.93', NULL, '2020-11-30 12:37:49', 1, 1),
(447, 929, 220, 'ZAII', 6559338, 2, '319.80', NULL, '2020-11-30 12:37:49', 1, 1),
(448, 929, 220, 'AWJN', 6559338, 1, '292.43', NULL, '2020-11-30 12:37:49', 1, 1),
(449, 929, 220, 'ZMOC', 6564072, 1, '1399.93', NULL, '2020-11-30 12:37:49', 1, 1),
(450, 929, 220, 'AXVY', 6564072, 1, '599.96', NULL, '2020-11-30 12:37:49', 1, 1),
(451, 929, 220, 'AYMN', 6564072, 1, '643.93', NULL, '2020-11-30 12:37:49', 1, 1),
(452, 929, 220, 'AXVV', 6564072, 1, '599.96', NULL, '2020-11-30 12:37:49', 1, 1),
(453, 929, 220, 'AYND', 6564072, 1, '909.93', NULL, '2020-11-30 12:37:49', 1, 1),
(454, 929, 220, 'AXVP', 6564072, 1, '599.96', NULL, '2020-11-30 12:37:49', 1, 1),
(455, 929, 220, 'AYLG', 6564072, 1, '699.93', NULL, '2020-11-30 12:37:49', 1, 1),
(456, 929, 220, 'AYNC', 6564072, 1, '699.93', NULL, '2020-11-30 12:37:49', 1, 1),
(457, 929, 220, 'AXVS', 6564072, 1, '599.96', NULL, '2020-11-30 12:37:49', 1, 1),
(458, 183, 220, 'AYAT', 6559419, 1, '899.93', NULL, '2020-11-30 12:37:49', 1, 1),
(459, 435, 220, 'AQQB', 6559337, 1, '1189.93', NULL, '2020-11-30 12:37:49', 1, 1),
(460, 435, 220, 'ATYJ', 6559337, 1, '699.93', NULL, '2020-11-30 12:37:49', 1, 1),
(461, 435, 220, 'AYVQ', 6559337, 1, '769.93', NULL, '2020-11-30 12:37:49', 1, 1),
(462, 435, 220, 'AXRI', 6559337, 1, '1399.93', NULL, '2020-11-30 12:37:49', 1, 1),
(463, 435, 220, 'AYEI', 6559337, 1, '804.93', NULL, '2020-11-30 12:37:49', 1, 1),
(464, 435, 220, 'AYVP', 6559337, 1, '769.93', NULL, '2020-11-30 12:37:49', 1, 1),
(465, 435, 220, 'AUIN', 6559337, 1, '909.93', NULL, '2020-11-30 12:37:49', 1, 1),
(466, 435, 220, 'AXPR', 6559337, 1, '839.93', NULL, '2020-11-30 12:37:49', 1, 1),
(467, 435, 220, 'AXWQ', 6559337, 1, '1139.94', NULL, '2020-11-30 12:37:49', 1, 1),
(468, 435, 220, 'AZLJ', 6559337, 2, '741.86', NULL, '2020-11-30 12:37:49', 1, 1),
(469, 435, 220, 'AVBM', 6559337, 1, '487.46', NULL, '2020-11-30 12:37:49', 1, 1),
(470, 435, 220, 'AUPP', 6559337, 1, '1399.93', NULL, '2020-11-30 12:37:49', 1, 1),
(471, 435, 220, 'AXUO', 6559337, 1, '979.93', NULL, '2020-11-30 12:37:49', 1, 1),
(472, 435, 220, 'AYNV', 6559337, 1, '1119.93', NULL, '2020-11-30 12:37:49', 1, 1),
(473, 435, 220, 'AVBI', 6559337, 1, '487.46', NULL, '2020-11-30 12:37:49', 1, 1),
(474, 435, 220, 'AXHY', 6559337, 1, '1119.93', NULL, '2020-11-30 12:37:49', 1, 1),
(475, 435, 220, 'AYUY', 6559337, 1, '629.93', NULL, '2020-11-30 12:37:49', 1, 1),
(476, 435, 220, 'AXXI', 6559337, 1, '909.93', NULL, '2020-11-30 12:37:49', 1, 1),
(477, 435, 220, 'AXSN', 6559337, 1, '881.93', NULL, '2020-11-30 12:37:49', 1, 1),
(478, 435, 220, 'AYQK', 6559337, 1, '930.93', NULL, '2020-11-30 12:37:49', 1, 1),
(479, 435, 220, 'AXUG', 6559337, 1, '559.93', NULL, '2020-11-30 12:37:49', 1, 1),
(480, 435, 220, 'AUHD', 6559337, 1, '909.93', NULL, '2020-11-30 12:37:49', 1, 1),
(481, 435, 220, 'AYDY', 6559337, 1, '804.93', NULL, '2020-11-30 12:37:49', 1, 1),
(482, 589, 220, 'AXYQ', 6559322, 1, '619.90', NULL, '2020-11-30 12:37:49', 1, 1),
(483, 589, 220, 'AXTL', 6559322, 1, '659.90', NULL, '2020-11-30 12:37:49', 1, 1),
(484, 589, 220, 'AXWA', 6559322, 1, '599.90', NULL, '2020-11-30 12:37:49', 1, 1),
(485, 589, 220, 'ATSA', 6559324, 1, '1949.93', NULL, '2020-11-30 12:37:49', 1, 1),
(486, 589, 220, 'AXJJ', 6559324, 1, '719.96', NULL, '2020-11-30 12:37:49', 1, 1),
(487, 589, 220, 'AYNF', 6559324, 1, '974.93', NULL, '2020-11-30 12:37:49', 1, 1),
(488, 589, 220, 'AXJM', 6559324, 1, '719.96', NULL, '2020-11-30 12:37:49', 1, 1),
(489, 904, 220, 'AXPS', 6559341, 1, '899.93', NULL, '2020-11-30 12:37:49', 1, 1),
(490, 904, 220, 'AYUX', 6559341, 1, '674.93', NULL, '2020-11-30 12:37:49', 1, 1),
(491, 904, 220, 'AXSX', 6559341, 1, '997.43', NULL, '2020-11-30 12:37:49', 1, 1),
(492, 933, 220, 'AYMY', 6559388, 1, '637.43', NULL, '2020-11-30 12:37:49', 1, 1),
(493, 933, 220, 'AYIL', 6559388, 1, '749.93', NULL, '2020-11-30 12:37:49', 1, 1),
(494, 933, 220, 'AXYK', 6559388, 1, '644.93', NULL, '2020-11-30 12:37:49', 1, 1),
(495, 933, 220, 'AXHS', 6564068, 1, '1199.93', NULL, '2020-11-30 12:37:49', 1, 1),
(496, 732, 220, 'AZOT', 6559417, 1, '449.90', NULL, '2020-11-30 12:37:49', 1, 1),
(497, 985, 220, 'AUHW', 6559412, 1, '674.96', NULL, '2020-11-30 12:37:49', 1, 1),
(498, 985, 220, 'AXSW', 6559412, 1, '930.93', NULL, '2020-11-30 12:37:49', 1, 1),
(499, 985, 220, 'AJKZ', 6559412, 1, '162.47', NULL, '2020-11-30 12:37:49', 1, 1),
(500, 985, 220, 'AWVM', 6559412, 1, '206.21', NULL, '2020-11-30 12:37:49', 1, 1),
(501, 985, 220, 'AYTO', 6559412, 2, '412.43', NULL, '2020-11-30 12:37:49', 1, 1),
(502, 985, 220, 'ATYS', 6559412, 1, '337.46', NULL, '2020-11-30 12:37:49', 1, 1),
(503, 985, 220, 'AXXG', 6559412, 1, '909.93', NULL, '2020-11-30 12:37:49', 1, 1),
(504, 985, 220, 'AYHS', 6559412, 1, '699.93', NULL, '2020-11-30 12:37:49', 1, 1),
(505, 985, 220, 'AXHT', 6559412, 1, '1119.93', NULL, '2020-11-30 12:37:49', 1, 1),
(506, 985, 220, 'AYHH', 6559412, 1, '559.93', NULL, '2020-11-30 12:37:49', 1, 1),
(507, 985, 220, 'AWKU', 6559412, 4, '824.85', NULL, '2020-11-30 12:37:49', 1, 1),
(508, 985, 220, 'AXTU', 6559412, 1, '664.93', NULL, '2020-11-30 12:37:49', 1, 1),
(509, 985, 220, 'AJLA', 6559412, 3, '487.42', NULL, '2020-11-30 12:37:49', 1, 1),
(510, 985, 220, 'BAXH', 6559432, 1, '909.93', NULL, '2020-11-30 12:37:49', 1, 1),
(511, 985, 220, 'AJLB', 6559412, 2, '324.95', NULL, '2020-11-30 12:37:49', 1, 1),
(512, 985, 220, 'AYXE', 6559432, 1, '839.93', NULL, '2020-11-30 12:37:49', 1, 1),
(513, 985, 220, 'AUHX', 6559412, 1, '674.96', NULL, '2020-11-30 12:37:49', 1, 1),
(514, 985, 220, 'AZBB', 6559432, 1, '809.91', NULL, '2020-11-30 12:37:49', 1, 1),
(515, 985, 220, 'AXXK', 6559412, 1, '909.93', NULL, '2020-11-30 12:37:49', 1, 1),
(516, 985, 220, 'AXJO', 6559412, 1, '674.96', NULL, '2020-11-30 12:37:49', 1, 1),
(517, 985, 220, 'AXUT', 6559412, 1, '629.93', NULL, '2020-11-30 12:37:49', 1, 1),
(518, 985, 220, 'AWVJ', 6559412, 1, '206.21', NULL, '2020-11-30 12:37:49', 1, 1),
(519, 985, 220, 'ATYP', 6559412, 2, '674.93', NULL, '2020-11-30 12:37:49', 1, 1),
(520, 985, 220, 'ASGO', 6559412, 1, '337.46', NULL, '2020-11-30 12:37:49', 1, 1),
(521, 985, 220, 'ATYR', 6559412, 1, '337.46', NULL, '2020-11-30 12:37:49', 1, 1),
(522, 985, 220, 'ATYO', 6559412, 1, '337.46', NULL, '2020-11-30 12:37:49', 1, 1),
(523, 985, 220, 'AXJQ', 6559412, 1, '674.96', NULL, '2020-11-30 12:37:49', 1, 1),
(524, 985, 220, 'AYAU', 6559412, 1, '839.93', NULL, '2020-11-30 12:37:49', 1, 1),
(525, 985, 220, 'AXPX', 6559412, 1, '629.93', NULL, '2020-11-30 12:37:49', 1, 1),
(526, 985, 220, 'AXXH', 6559412, 1, '909.93', NULL, '2020-11-30 12:37:49', 1, 1),
(527, 985, 220, 'AYVS', 6559412, 1, '979.93', NULL, '2020-11-30 12:37:49', 1, 1),
(528, 985, 220, 'AWDL', 6564102, 1, '979.93', NULL, '2020-11-30 12:37:49', 1, 1),
(529, 985, 220, 'AXIF', 6564102, 1, '1119.93', NULL, '2020-11-30 12:37:49', 1, 1),
(530, 985, 220, 'AYNO', 6564102, 1, '699.93', NULL, '2020-11-30 12:37:49', 1, 1),
(531, 985, 220, 'AQQA', 6564102, 1, '1189.93', NULL, '2020-11-30 12:37:49', 1, 1),
(532, 985, 220, 'AYHB', 6564102, 1, '769.93', NULL, '2020-11-30 12:37:49', 1, 1),
(533, 12, 220, 'AXQJ', 6564116, 1, '1399.93', NULL, '2020-11-30 12:37:49', 1, 1),
(534, 12, 220, 'AUPQ', 6564100, 1, '1399.93', NULL, '2020-11-30 12:37:49', 1, 1),
(535, 12, 220, 'AASW', 6564116, 1, '1319.94', NULL, '2020-11-30 12:37:49', 1, 1),
(536, 12, 220, 'ATYT', 6564093, 2, '674.93', NULL, '2020-11-30 12:37:49', 1, 1),
(537, 12, 220, 'AYCO', 6564093, 1, '629.93', NULL, '2020-11-30 12:37:49', 1, 1),
(538, 12, 220, 'AYVW', 6564093, 1, '769.93', NULL, '2020-11-30 12:37:49', 1, 1),
(539, 12, 220, 'AUIM', 6564093, 1, '909.93', NULL, '2020-11-30 12:37:49', 1, 1),
(540, 12, 220, 'AYJF', 6564093, 1, '734.93', NULL, '2020-11-30 12:37:49', 1, 1),
(541, 12, 220, 'AXXP', 6564100, 1, '1049.93', NULL, '2020-11-30 12:37:49', 1, 1),
(542, 12, 220, 'AYJN', 6564093, 1, '699.93', NULL, '2020-11-30 12:37:49', 1, 1),
(543, 12, 220, 'AYTC', 6564093, 2, '479.93', NULL, '2020-11-30 12:37:49', 1, 1),
(544, 12, 220, 'AXXE', 6564093, 1, '1189.93', NULL, '2020-11-30 12:37:49', 1, 1),
(545, 12, 220, 'AUQU', 6564100, 1, '1021.93', NULL, '2020-11-30 12:37:49', 1, 1),
(546, 12, 220, 'AXUU', 6564093, 1, '629.93', NULL, '2020-11-30 12:37:49', 1, 1),
(547, 12, 220, 'AYJG', 6564093, 1, '734.93', NULL, '2020-11-30 12:37:49', 1, 1),
(548, 12, 220, 'AYPI', 6564100, 1, '1399.93', NULL, '2020-11-30 12:37:49', 1, 1),
(549, 12, 220, 'AYFN', 6564093, 1, '874.93', NULL, '2020-11-30 12:37:49', 1, 1),
(550, 12, 220, 'AXNS', 6564093, 1, '629.93', NULL, '2020-11-30 12:37:49', 1, 1),
(551, 12, 220, 'AYOV', 6564093, 1, '664.93', NULL, '2020-11-30 12:37:49', 1, 1),
(552, 12, 220, 'AYPQ', 6564100, 1, '804.93', NULL, '2020-11-30 12:37:49', 1, 1),
(553, 12, 220, 'AXOT', 6564100, 1, '769.93', NULL, '2020-11-30 12:37:49', 1, 1),
(554, 12, 220, 'AXOS', 6564100, 1, '769.93', NULL, '2020-11-30 12:37:49', 1, 1),
(555, 12, 220, 'AXXC', 6564093, 1, '1119.93', NULL, '2020-11-30 12:37:49', 1, 1),
(556, 12, 220, 'AXNO', 6564093, 1, '1469.93', NULL, '2020-11-30 12:37:49', 1, 1),
(557, 12, 220, 'AXPP', 6564100, 1, '804.93', NULL, '2020-11-30 12:37:49', 1, 1),
(558, 12, 220, 'AWLS', 6564093, 2, '412.43', NULL, '2020-11-30 12:37:49', 1, 1),
(559, 12, 220, 'AYDY', 6564100, 1, '804.93', NULL, '2020-11-30 12:37:49', 1, 1),
(560, 12, 220, 'AXOU', 6564100, 2, '1539.86', NULL, '2020-11-30 12:37:49', 1, 1),
(561, 12, 220, 'AQHU', 6564093, 2, '524.93', NULL, '2020-11-30 12:37:49', 1, 1),
(562, 12, 220, 'AXNQ', 6564093, 1, '1469.93', NULL, '2020-11-30 12:37:49', 1, 1),
(563, 12, 220, 'AXPY', 6564093, 1, '629.93', NULL, '2020-11-30 12:37:49', 1, 1),
(564, 12, 220, 'AYFO', 6564093, 1, '874.93', NULL, '2020-11-30 12:37:49', 1, 1),
(565, 12, 220, 'AYDZ', 6564100, 1, '804.93', NULL, '2020-11-30 12:37:49', 1, 1),
(566, 12, 220, 'AYKP', 6564093, 2, '1609.86', NULL, '2020-11-30 12:37:49', 1, 1),
(567, 12, 220, 'AYRN', 6564093, 2, '479.93', NULL, '2020-11-30 12:37:49', 1, 1),
(568, 12, 220, 'AYJO', 6564093, 1, '699.93', NULL, '2020-11-30 12:37:49', 1, 1),
(569, 12, 220, 'AUTJ', 6564093, 2, '524.93', NULL, '2020-11-30 12:37:49', 1, 1),
(570, 12, 220, 'AUHE', 6564100, 1, '909.93', NULL, '2020-11-30 12:37:49', 1, 1),
(571, 12, 220, 'AXSH', 6564100, 1, '930.93', NULL, '2020-11-30 12:37:49', 1, 1),
(572, 12, 220, 'AXKA', 6564093, 1, '769.93', NULL, '2020-11-30 12:37:49', 1, 1),
(573, 12, 220, 'AUUS', 6564093, 2, '979.86', NULL, '2020-11-30 12:37:49', 1, 1),
(574, 12, 220, 'AASX', 6564116, 1, '1319.94', NULL, '2020-11-30 12:37:49', 1, 1),
(575, 12, 220, 'AYOW', 6564100, 1, '664.93', NULL, '2020-11-30 12:37:49', 1, 1),
(576, 12, 220, 'AUHO', 6564100, 1, '1189.93', NULL, '2020-11-30 12:37:49', 1, 1),
(577, 12, 220, 'ATYN', 6564093, 2, '674.93', NULL, '2020-11-30 12:37:49', 1, 1),
(578, 12, 220, 'AXOO', 6564100, 1, '664.93', NULL, '2020-11-30 12:37:49', 1, 1),
(579, 12, 220, 'AUHN', 6564100, 1, '1189.93', NULL, '2020-11-30 12:37:49', 1, 1),
(580, 12, 220, 'AXOP', 6564100, 1, '664.93', NULL, '2020-11-30 12:37:49', 1, 1),
(581, 12, 220, 'AYHB', 6564093, 1, '769.93', NULL, '2020-11-30 12:37:49', 1, 1),
(582, 12, 220, 'AYSA', 6564093, 1, '559.93', NULL, '2020-11-30 12:37:49', 1, 1),
(583, 915, 220, 'AYRZ', 6564101, 1, '599.93', NULL, '2020-11-30 12:37:49', 1, 1),
(584, 915, 220, 'AXNS', 6564101, 1, '674.93', NULL, '2020-11-30 12:37:49', 1, 1),
(585, 468, 220, 'AYAD', 6559364, 1, '804.93', NULL, '2020-11-30 12:37:49', 1, 1),
(586, 468, 220, 'AXZG', 6559364, 1, '601.93', NULL, '2020-11-30 12:37:49', 1, 1),
(587, 468, 220, 'AYER', 6559364, 1, '629.93', NULL, '2020-11-30 12:37:49', 1, 1),
(588, 468, 220, 'AZBS', 6559364, 1, '524.96', NULL, '2020-11-30 12:37:49', 1, 1),
(589, 468, 220, 'AZBA', 6559364, 1, '809.91', NULL, '2020-11-30 12:37:49', 1, 1),
(590, 468, 220, 'AXRZ', 6559364, 1, '804.93', NULL, '2020-11-30 12:37:49', 1, 1),
(591, 468, 220, 'AXOQ', 6559364, 1, '664.93', NULL, '2020-11-30 12:37:49', 1, 1),
(592, 468, 220, 'APKW', 6559364, 1, '637.46', NULL, '2020-11-30 12:37:49', 1, 1),
(593, 468, 220, 'AXIL', 6559364, 1, '979.93', NULL, '2020-11-30 12:37:49', 1, 1),
(594, 468, 220, 'AYGN', 6559364, 1, '524.96', NULL, '2020-11-30 12:37:49', 1, 1),
(595, 468, 220, 'APKL', 6559364, 1, '637.46', NULL, '2020-11-30 12:37:49', 1, 1),
(596, 468, 220, 'AYWI', 6559364, 1, '328.93', NULL, '2020-11-30 12:37:49', 1, 1),
(597, 468, 220, 'AYKH', 6559364, 1, '734.93', NULL, '2020-11-30 12:37:49', 1, 1),
(598, 468, 220, 'AYZS', 6559364, 1, '719.91', NULL, '2020-11-30 12:37:49', 1, 1),
(599, 567, 220, 'AXSV', 6559319, 1, '930.93', NULL, '2020-11-30 12:37:49', 1, 1),
(600, 567, 220, 'AYOB', 6559319, 2, '1119.86', NULL, '2020-11-30 12:37:49', 1, 1),
(601, 567, 220, 'AYCC', 6559319, 1, '599.96', NULL, '2020-11-30 12:37:49', 1, 1),
(602, 567, 220, 'AXNK', 6559319, 1, '804.93', NULL, '2020-11-30 12:37:49', 1, 1),
(603, 567, 220, 'AYMG', 6559319, 1, '487.46', NULL, '2020-11-30 12:37:49', 1, 1),
(604, 567, 220, 'AXUU', 6559319, 1, '629.93', NULL, '2020-11-30 12:37:49', 1, 1),
(605, 567, 220, 'AXJE', 6559319, 1, '599.94', NULL, '2020-11-30 12:37:49', 1, 1),
(606, 567, 220, 'AYQJ', 6559319, 1, '930.93', NULL, '2020-11-30 12:37:49', 1, 1),
(607, 567, 220, 'AYNF', 6559319, 1, '909.93', NULL, '2020-11-30 12:37:49', 1, 1),
(608, 567, 220, 'AYNI', 6559319, 1, '538.93', NULL, '2020-11-30 12:37:49', 1, 1),
(609, 567, 220, 'AXJT', 6559319, 1, '674.96', NULL, '2020-11-30 12:37:49', 1, 1),
(610, 567, 220, 'BAXH', 6559319, 1, '909.93', NULL, '2020-11-30 12:37:49', 1, 1),
(611, 567, 220, 'AXUO', 6559319, 1, '979.93', NULL, '2020-11-30 12:37:49', 1, 1),
(612, 567, 220, 'AVZJ', 6559319, 1, '1329.93', NULL, '2020-11-30 12:37:49', 1, 1),
(613, 567, 220, 'AYNQ', 6559319, 1, '699.93', NULL, '2020-11-30 12:37:49', 1, 1),
(614, 567, 220, 'AYMK', 6559319, 1, '734.93', NULL, '2020-11-30 12:37:49', 1, 1),
(615, 567, 220, 'AXJM', 6559319, 1, '674.96', NULL, '2020-11-30 12:37:49', 1, 1),
(616, 567, 220, 'AYOM', 6559319, 1, '1301.93', NULL, '2020-11-30 12:37:49', 1, 1),
(617, 567, 220, 'AXUU', 6559319, 1, '629.93', NULL, '2020-11-30 12:37:49', 1, 1),
(618, 567, 220, 'AYNL', 6559319, 1, '524.93', NULL, '2020-11-30 12:37:49', 1, 1),
(619, 567, 220, 'AYAF', 6559319, 1, '804.93', NULL, '2020-11-30 12:37:49', 1, 1),
(620, 567, 220, 'AYBZ', 6559319, 1, '599.96', NULL, '2020-11-30 12:37:49', 1, 1),
(621, 567, 220, 'AYMA', 6559319, 1, '487.46', NULL, '2020-11-30 12:37:49', 1, 1),
(622, 567, 220, 'AXOV', 6559348, 1, '1399.90', NULL, '2020-11-30 12:37:49', 1, 1),
(623, 567, 220, 'AZAZ', 6559352, 1, '809.91', NULL, '2020-11-30 12:37:49', 1, 1),
(624, 567, 220, 'AZBG', 6559352, 1, '989.91', NULL, '2020-11-30 12:37:49', 1, 1),
(625, 567, 220, 'ALNT', 6559363, 1, '799.90', NULL, '2020-11-30 12:37:49', 1, 1),
(626, 567, 220, 'AYYG', 6559352, 1, '2519.91', NULL, '2020-11-30 12:37:49', 1, 1),
(627, 567, 220, 'AYFY', 6564086, 1, '524.96', NULL, '2020-11-30 12:37:49', 1, 1),
(628, 567, 220, 'AYGB', 6564086, 1, '524.96', NULL, '2020-11-30 12:37:49', 1, 1),
(629, 15, 220, 'AYLD', 6559321, 1, '699.93', NULL, '2020-11-30 12:37:49', 1, 1),
(630, 15, 220, 'AXOZ', 6559321, 1, '909.93', NULL, '2020-11-30 12:37:49', 1, 1),
(631, 15, 220, 'AWON', 6559321, 2, '1931.86', NULL, '2020-11-30 12:37:49', 1, 1),
(632, 15, 220, 'APKP', 6559321, 1, '637.46', NULL, '2020-11-30 12:37:49', 1, 1),
(633, 15, 220, 'AYBF', 6559321, 1, '674.96', NULL, '2020-11-30 12:37:49', 1, 1),
(634, 15, 220, 'AYBI', 6559321, 1, '674.96', NULL, '2020-11-30 12:37:49', 1, 1),
(635, 15, 220, 'AYEZ', 6559321, 1, '769.93', NULL, '2020-11-30 12:37:49', 1, 1),
(636, 15, 220, 'AXJD', 6559321, 1, '599.94', NULL, '2020-11-30 12:37:49', 1, 1),
(637, 15, 220, 'AYLL', 6559321, 1, '629.93', NULL, '2020-11-30 12:37:49', 1, 1),
(638, 15, 220, 'AUQV', 6559321, 1, '1021.93', NULL, '2020-11-30 12:37:49', 1, 1);
INSERT INTO `pedidos` (`cod`, `id_cp`, `nro_camp`, `letra`, `nro_envio`, `cant`, `monto`, `fecha_retiro`, `fecha_registro`, `comisionable`, `active_row`) VALUES
(639, 15, 220, 'APKS', 6559321, 1, '637.46', NULL, '2020-11-30 12:37:49', 1, 1),
(640, 15, 220, 'AYHC', 6559321, 1, '769.93', NULL, '2020-11-30 12:37:49', 1, 1),
(641, 15, 220, 'AYBI', 6559321, 1, '714.94', NULL, '2020-11-30 12:37:49', 1, 1),
(642, 15, 220, 'AUHO', 6559321, 1, '1189.93', NULL, '2020-11-30 12:37:49', 1, 1),
(643, 15, 220, 'AWDK', 6559321, 1, '979.93', NULL, '2020-11-30 12:37:49', 1, 1),
(644, 15, 220, 'AYLE', 6559321, 1, '699.93', NULL, '2020-11-30 12:37:49', 1, 1),
(645, 15, 220, 'AZPM', 6559356, 1, '529.90', NULL, '2020-11-30 12:37:49', 1, 1),
(646, 15, 220, 'AXYC', 6559356, 1, '699.90', NULL, '2020-11-30 12:37:49', 1, 1),
(647, 221, 220, 'ACKW', 6559332, 1, '664.93', NULL, '2020-11-30 12:37:49', 1, 1),
(648, 221, 220, 'AWDN', 6559332, 1, '979.93', NULL, '2020-11-30 12:37:49', 1, 1),
(649, 221, 220, 'AYFD', 6559332, 1, '1014.93', NULL, '2020-11-30 12:37:49', 1, 1),
(650, 221, 220, 'AYHM', 6559332, 1, '1049.93', NULL, '2020-11-30 12:37:49', 1, 1),
(651, 221, 220, 'AYSG', 6559332, 2, '839.86', NULL, '2020-11-30 12:37:49', 1, 1),
(652, 221, 220, 'AUIM', 6559332, 1, '909.93', NULL, '2020-11-30 12:37:49', 1, 1),
(653, 221, 220, 'ATYT', 6559332, 1, '349.93', NULL, '2020-11-30 12:37:49', 1, 1),
(654, 221, 220, 'AUWO', 6559332, 1, '664.93', NULL, '2020-11-30 12:37:49', 1, 1),
(655, 221, 220, 'AXPX', 6559332, 1, '629.93', NULL, '2020-11-30 12:37:49', 1, 1),
(656, 221, 220, 'AYSZ', 6559332, 3, '1259.79', NULL, '2020-11-30 12:37:49', 1, 1),
(657, 221, 220, 'ATYT', 6559332, 2, '674.93', NULL, '2020-11-30 12:37:49', 1, 1),
(658, 221, 220, 'AXIW', 6559332, 2, '3959.88', NULL, '2020-11-30 12:37:49', 1, 1),
(659, 221, 220, 'AQNO', 6559332, 1, '1049.93', NULL, '2020-11-30 12:37:49', 1, 1),
(660, 853, 220, 'AYLW', 6559318, 1, '519.96', NULL, '2020-11-30 12:37:49', 1, 1),
(661, 853, 220, 'AYKP', 6559318, 1, '862.43', NULL, '2020-11-30 12:37:49', 1, 1),
(662, 853, 220, 'AVSJ', 6559318, 1, '1124.93', NULL, '2020-11-30 12:37:49', 1, 1),
(663, 853, 220, 'AMZP', 6559318, 1, '173.31', NULL, '2020-11-30 12:37:49', 1, 1),
(664, 853, 220, 'AMZO', 6559318, 1, '173.31', NULL, '2020-11-30 12:37:49', 1, 1),
(665, 853, 220, 'AYJZ', 6559318, 1, '712.43', NULL, '2020-11-30 12:37:49', 1, 1),
(666, 853, 220, 'AYLT', 6559318, 1, '519.96', NULL, '2020-11-30 12:37:49', 1, 1),
(667, 853, 220, 'AMZN', 6559318, 1, '173.31', NULL, '2020-11-30 12:37:49', 1, 1),
(668, 853, 220, 'AIOQ', 6559347, 1, '699.90', NULL, '2020-11-30 12:37:49', 1, 1),
(669, 422, 220, 'AYAU', 6559395, 1, '899.93', NULL, '2020-11-30 12:37:49', 1, 1),
(670, 422, 220, 'AQQB', 6559395, 1, '1274.93', NULL, '2020-11-30 12:37:49', 1, 1),
(671, 422, 220, 'AYBI', 6559395, 1, '719.96', NULL, '2020-11-30 12:37:49', 1, 1),
(672, 422, 220, 'AYBL', 6559395, 1, '719.96', NULL, '2020-11-30 12:37:49', 1, 1),
(673, 887, 220, 'AYXB', 6559453, 1, '824.93', NULL, '2020-11-30 12:37:49', 1, 1),
(674, 887, 220, 'ASEY', 6559453, 1, '524.93', NULL, '2020-11-30 12:37:49', 1, 1),
(675, 406, 220, 'AYJO', 6559335, 1, '699.93', NULL, '2020-11-30 12:37:49', 1, 1),
(676, 406, 220, 'AYRO', 6559335, 2, '479.93', NULL, '2020-11-30 12:37:49', 1, 1),
(677, 406, 220, 'AWDM', 6559335, 1, '979.93', NULL, '2020-11-30 12:37:49', 1, 1),
(678, 406, 220, 'ZAII', 6559335, 1, '159.90', NULL, '2020-11-30 12:37:49', 1, 1),
(679, 406, 220, 'AXNW', 6559335, 1, '349.93', NULL, '2020-11-30 12:37:49', 1, 1),
(680, 406, 220, 'AYHH', 6559335, 1, '559.93', NULL, '2020-11-30 12:37:49', 1, 1),
(681, 406, 220, 'AYKQ', 6559335, 1, '804.93', NULL, '2020-11-30 12:37:49', 1, 1),
(682, 406, 220, 'AYNH', 6559335, 1, '538.93', NULL, '2020-11-30 12:37:49', 1, 1),
(683, 406, 220, 'AXIX', 6559335, 1, '1979.94', NULL, '2020-11-30 12:37:49', 1, 1),
(684, 406, 220, 'AYFY', 6559335, 1, '524.96', NULL, '2020-11-30 12:37:49', 1, 1),
(685, 406, 220, 'AYGE', 6559335, 1, '524.96', NULL, '2020-11-30 12:37:49', 1, 1),
(686, 406, 220, 'AYCR', 6559335, 2, '1889.86', NULL, '2020-11-30 12:37:49', 1, 1),
(687, 406, 220, 'AYAU', 6559335, 1, '839.93', NULL, '2020-11-30 12:37:49', 1, 1),
(688, 406, 220, 'AXUH', 6559335, 1, '559.93', NULL, '2020-11-30 12:37:49', 1, 1),
(689, 406, 220, 'AXSF', 6559335, 1, '930.93', NULL, '2020-11-30 12:37:49', 1, 1),
(690, 406, 220, 'ZMOC', 6559358, 1, '1399.93', NULL, '2020-11-30 12:37:49', 1, 1),
(691, 406, 220, 'AYZP', 6559358, 1, '2519.91', NULL, '2020-11-30 12:37:49', 1, 1),
(692, 406, 220, 'AQQA', 6564124, 1, '1189.93', NULL, '2020-11-30 12:37:49', 1, 1),
(693, 276, 220, 'AZBN', 6559430, 1, '119.93', NULL, '2020-11-30 12:37:49', 1, 1),
(694, 276, 220, 'ASGP', 6559430, 1, '359.96', NULL, '2020-11-30 12:37:49', 1, 1),
(695, 276, 220, 'AOUO', 6559430, 1, '599.94', NULL, '2020-11-30 12:37:49', 1, 1),
(696, 276, 220, 'ATYQ', 6559430, 1, '359.96', NULL, '2020-11-30 12:37:49', 1, 1),
(697, 276, 220, 'AZBQ', 6559430, 1, '119.93', NULL, '2020-11-30 12:37:49', 1, 1),
(698, 276, 220, 'AXTO', 6559430, 1, '787.43', NULL, '2020-11-30 12:37:49', 1, 1),
(699, 276, 220, 'ZLOL', 6564112, 1, '199.90', NULL, '2020-11-30 12:37:49', 1, 1),
(700, 276, 220, 'ZCUI', 6564112, 4, '1199.60', NULL, '2020-11-30 12:37:49', 1, 1),
(701, 276, 220, 'AZOM', 6559451, 1, '449.90', NULL, '2020-11-30 12:37:49', 1, 1),
(702, 276, 220, 'AYMJ', 6564112, 1, '787.43', NULL, '2020-11-30 12:37:49', 1, 1),
(703, 276, 220, 'AYIY', 6564112, 1, '899.93', NULL, '2020-11-30 12:37:49', 1, 1),
(704, 166, 220, 'AYBW', 6559326, 1, '599.96', NULL, '2020-11-30 12:37:49', 1, 1),
(705, 166, 220, 'AVZJ', 6559326, 1, '1329.93', NULL, '2020-11-30 12:37:49', 1, 1),
(706, 166, 220, 'AYMX', 6559326, 1, '594.93', NULL, '2020-11-30 12:37:49', 1, 1),
(707, 166, 220, 'AYMK', 6559326, 1, '734.93', NULL, '2020-11-30 12:37:49', 1, 1),
(708, 166, 220, 'AXWZ', 6559326, 1, '944.93', NULL, '2020-11-30 12:37:49', 1, 1),
(709, 166, 220, 'AYFV', 6559326, 1, '524.96', NULL, '2020-11-30 12:37:49', 1, 1),
(710, 166, 220, 'AYGC', 6559326, 1, '524.96', NULL, '2020-11-30 12:37:49', 1, 1),
(711, 166, 220, 'AYNT', 6559326, 1, '1119.93', NULL, '2020-11-30 12:37:49', 1, 1),
(712, 166, 220, 'AYNK', 6559326, 1, '524.93', NULL, '2020-11-30 12:37:49', 1, 1),
(713, 166, 220, 'AXPI', 6559326, 1, '1119.93', NULL, '2020-11-30 12:37:49', 1, 1),
(714, 166, 220, 'AYNU', 6559326, 1, '1119.93', NULL, '2020-11-30 12:37:49', 1, 1),
(715, 166, 220, 'AYCC', 6559326, 1, '599.96', NULL, '2020-11-30 12:37:49', 1, 1),
(716, 166, 220, 'AYKJ', 6564132, 1, '734.93', NULL, '2020-11-30 12:37:49', 1, 1),
(717, 932, 220, 'AYVE', 6559399, 1, '899.90', NULL, '2020-11-30 12:37:49', 1, 1),
(718, 932, 220, 'AXII', 6559399, 1, '999.90', NULL, '2020-11-30 12:37:49', 1, 1),
(719, 932, 220, 'AXOU', 6559413, 1, '824.93', NULL, '2020-11-30 12:37:49', 1, 1),
(720, 932, 220, 'AYHC', 6564067, 1, '824.93', NULL, '2020-11-30 12:37:49', 1, 1),
(721, 859, 220, 'AYNE', 6559346, 1, '974.93', NULL, '2020-11-30 12:37:49', 1, 1),
(722, 859, 220, 'AYKQ', 6559346, 1, '862.43', NULL, '2020-11-30 12:37:49', 1, 1),
(723, 859, 220, 'AYHB', 6559346, 1, '824.93', NULL, '2020-11-30 12:37:49', 1, 1),
(724, 859, 220, 'AYCO', 6559346, 1, '674.93', NULL, '2020-11-30 12:37:49', 1, 1),
(725, 859, 220, 'AYEE', 6559362, 1, '999.90', NULL, '2020-11-30 12:37:49', 1, 1),
(726, 859, 220, 'AXIQ', 6559362, 1, '1179.90', NULL, '2020-11-30 12:37:49', 1, 1),
(727, 859, 220, 'ARZW', 6559362, 1, '799.90', NULL, '2020-11-30 12:37:49', 1, 1),
(728, 859, 220, 'AXQF', 6559362, 1, '929.90', NULL, '2020-11-30 12:37:49', 1, 1),
(729, 987, 220, 'AXYK', 6559366, 1, '644.93', NULL, '2020-11-30 12:37:49', 1, 1),
(730, 987, 220, 'AXOP', 6559366, 1, '712.43', NULL, '2020-11-30 12:37:49', 1, 1),
(731, 815, 220, 'AYHB', 6559378, 1, '824.93', NULL, '2020-11-30 12:37:49', 1, 1),
(732, 354, 220, 'AYBK', 6559377, 1, '719.96', NULL, '2020-11-30 12:37:49', 1, 1),
(733, 354, 220, 'AQPZ', 6559377, 1, '1274.93', NULL, '2020-11-30 12:37:49', 1, 1),
(734, 354, 220, 'AYJO', 6559377, 1, '749.93', NULL, '2020-11-30 12:37:49', 1, 1),
(735, 354, 220, 'AXWY', 6559377, 1, '1012.43', NULL, '2020-11-30 12:37:49', 1, 1),
(736, 354, 220, 'AYBE', 6559377, 1, '719.96', NULL, '2020-11-30 12:37:49', 1, 1),
(737, 354, 220, 'AYLR', 6559377, 1, '519.96', NULL, '2020-11-30 12:37:49', 1, 1),
(738, 354, 220, 'AYST', 6559377, 1, '314.93', NULL, '2020-11-30 12:37:49', 1, 1),
(739, 354, 220, 'AXVI', 6559377, 1, '622.43', NULL, '2020-11-30 12:37:49', 1, 1),
(740, 354, 220, 'AYJG', 6559377, 1, '787.43', NULL, '2020-11-30 12:37:49', 1, 1),
(741, 354, 220, 'AYMG', 6559377, 1, '519.96', NULL, '2020-11-30 12:37:49', 1, 1),
(742, 354, 220, 'AYNZ', 6564105, 1, '559.93', NULL, '2020-11-30 12:37:49', 1, 1),
(743, 972, 220, 'AXSV', 6559414, 1, '997.43', NULL, '2020-11-30 12:37:49', 1, 1),
(744, 972, 220, 'AYAJ', 6559414, 1, '862.43', NULL, '2020-11-30 12:37:49', 1, 1),
(745, 972, 220, 'AOUO', 6559414, 1, '759.96', NULL, '2020-11-30 12:37:49', 1, 1),
(746, 972, 220, 'AYEQ', 6559414, 1, '674.93', NULL, '2020-11-30 12:37:49', 1, 1),
(747, 972, 220, 'AOVD', 6559414, 1, '759.96', NULL, '2020-11-30 12:37:49', 1, 1),
(748, 909, 220, 'AXSN', 6559404, 1, '944.93', NULL, '2020-11-30 12:37:49', 1, 1),
(749, 57, 220, 'AYWY', 6559391, 1, '824.93', NULL, '2020-11-30 12:37:49', 1, 1),
(750, 57, 220, 'AYBG', 6559391, 1, '719.96', NULL, '2020-11-30 12:37:49', 1, 1),
(751, 57, 220, 'AYBM', 6559391, 1, '719.96', NULL, '2020-11-30 12:37:49', 1, 1),
(752, 57, 220, 'AYMV', 6559391, 1, '674.93', NULL, '2020-11-30 12:37:49', 1, 1),
(753, 57, 220, 'ZMOC', 6559391, 1, '1399.93', NULL, '2020-11-30 12:37:49', 1, 1),
(754, 57, 220, 'AXOQ', 6559391, 1, '712.43', NULL, '2020-11-30 12:37:49', 1, 1),
(755, 57, 220, 'AYPN', 6559391, 1, '1199.93', NULL, '2020-11-30 12:37:49', 1, 1),
(756, 240, 220, 'AYLE', 6559398, 1, '749.93', NULL, '2020-11-30 12:37:49', 1, 1),
(757, 240, 220, 'AYNJ', 6559398, 1, '562.43', NULL, '2020-11-30 12:37:49', 1, 1),
(758, 240, 220, 'AYCF', 6559398, 1, '974.93', NULL, '2020-11-30 12:37:49', 1, 1),
(759, 240, 220, 'AYND', 6559398, 1, '974.93', NULL, '2020-11-30 12:37:49', 1, 1),
(760, 639, 220, 'AXPX', 6559422, 1, '674.93', NULL, '2020-11-30 12:37:49', 1, 1),
(761, 639, 220, 'AYMI', 6559422, 1, '787.43', NULL, '2020-11-30 12:37:49', 1, 1),
(762, 963, 220, 'AYWY', 6559303, 1, '769.93', NULL, '2020-11-30 12:37:49', 1, 1),
(763, 963, 220, 'AXVS', 6559303, 1, '599.96', NULL, '2020-11-30 12:37:49', 1, 1),
(764, 963, 220, 'AXFM', 6559303, 1, '370.93', NULL, '2020-11-30 12:37:49', 1, 1),
(765, 963, 220, 'AXSN', 6559303, 1, '881.93', NULL, '2020-11-30 12:37:49', 1, 1),
(766, 963, 220, 'AYGO', 6559303, 1, '524.96', NULL, '2020-11-30 12:37:49', 1, 1),
(767, 963, 220, 'AXJE', 6559303, 1, '599.94', NULL, '2020-11-30 12:37:49', 1, 1),
(768, 963, 220, 'AXKC', 6559303, 1, '769.93', NULL, '2020-11-30 12:37:49', 1, 1),
(769, 963, 220, 'AXRK', 6559303, 1, '1399.93', NULL, '2020-11-30 12:37:49', 1, 1),
(770, 963, 220, 'AXVP', 6559303, 1, '599.96', NULL, '2020-11-30 12:37:49', 1, 1),
(771, 963, 220, 'AYMG', 6559303, 1, '487.46', NULL, '2020-11-30 12:37:49', 1, 1),
(772, 963, 220, 'AUHX', 6559303, 1, '674.96', NULL, '2020-11-30 12:37:49', 1, 1),
(773, 963, 220, 'AYGF', 6559303, 1, '524.96', NULL, '2020-11-30 12:37:49', 1, 1),
(774, 963, 220, 'AXXU', 6559303, 1, '489.93', NULL, '2020-11-30 12:37:49', 1, 1),
(775, 963, 220, 'AYEI', 6559303, 1, '804.93', NULL, '2020-11-30 12:37:49', 1, 1),
(776, 963, 220, 'AXPS', 6559303, 1, '839.93', NULL, '2020-11-30 12:37:49', 1, 1),
(777, 963, 220, 'AYMA', 6559303, 1, '487.46', NULL, '2020-11-30 12:37:49', 1, 1),
(778, 963, 220, 'AOVB', 6559303, 1, '599.94', NULL, '2020-11-30 12:37:49', 1, 1),
(779, 963, 220, 'AXJR', 6559303, 1, '674.96', NULL, '2020-11-30 12:37:49', 1, 1),
(780, 2, 220, 'AVBB', 6559401, 2, '434.85', NULL, '2020-11-30 12:37:49', 1, 1),
(781, 2, 220, 'AYHA', 6559401, 1, '824.93', NULL, '2020-11-30 12:37:49', 1, 1),
(782, 1011, 220, 'DJV', 6559315, 1, '449.93', NULL, '2020-11-30 12:37:49', 1, 1),
(783, 1011, 220, 'AYBN', 6559315, 1, '719.96', NULL, '2020-11-30 12:37:49', 1, 1),
(784, 1011, 220, 'AYBE', 6559315, 1, '719.96', NULL, '2020-11-30 12:37:49', 1, 1),
(785, 1011, 220, 'APHR', 6559339, 1, '689.90', NULL, '2020-11-30 12:37:49', 1, 1),
(786, 835, 220, 'AOUW', 6559433, 1, '712.46', NULL, '2020-11-30 12:37:49', 1, 1),
(787, 835, 220, 'AIAB', 6559433, 1, '176.21', NULL, '2020-11-30 12:37:49', 1, 1),
(788, 835, 220, 'AXPU', 6559433, 1, '769.93', NULL, '2020-11-30 12:37:49', 1, 1),
(789, 835, 220, 'AOUQ', 6559433, 1, '712.46', NULL, '2020-11-30 12:37:49', 1, 1),
(790, 835, 220, 'AYNT', 6559433, 1, '1119.93', NULL, '2020-11-30 12:37:49', 1, 1),
(791, 835, 220, 'AXZH', 6559433, 1, '601.93', NULL, '2020-11-30 12:37:49', 1, 1),
(792, 835, 220, 'AWDM', 6559433, 1, '979.93', NULL, '2020-11-30 12:37:49', 1, 1),
(793, 835, 220, 'AQQV', 6559433, 1, '206.21', NULL, '2020-11-30 12:37:49', 1, 1),
(794, 835, 220, 'AHZZ', 6559433, 1, '176.21', NULL, '2020-11-30 12:37:49', 1, 1),
(795, 835, 220, 'AQQT', 6559433, 1, '206.21', NULL, '2020-11-30 12:37:49', 1, 1),
(796, 835, 220, 'AYPE', 6559433, 1, '1749.93', NULL, '2020-11-30 12:37:49', 1, 1),
(797, 535, 220, 'AYNQ', 6559390, 1, '749.93', NULL, '2020-11-30 12:37:49', 1, 1),
(798, 535, 220, 'AXHY', 6559390, 1, '1199.93', NULL, '2020-11-30 12:37:49', 1, 1),
(799, 535, 220, 'AVMI', 6559390, 1, '1274.93', NULL, '2020-11-30 12:37:49', 1, 1),
(800, 535, 220, 'AYDU', 6559390, 1, '1462.43', NULL, '2020-11-30 12:37:49', 1, 1),
(801, 535, 220, 'AXOT', 6559390, 1, '824.93', NULL, '2020-11-30 12:37:49', 1, 1),
(802, 535, 220, 'AYXC', 6564096, 1, '659.94', NULL, '2020-11-30 12:37:49', 1, 1),
(803, 619, 220, 'ACKW', 6559438, 1, '664.93', NULL, '2020-11-30 12:37:49', 1, 1),
(804, 619, 220, 'AYOB', 6559438, 1, '559.93', NULL, '2020-11-30 12:37:49', 1, 1),
(805, 619, 220, 'AYIL', 6559438, 1, '699.93', NULL, '2020-11-30 12:37:49', 1, 1),
(806, 619, 220, 'AJLA', 6559438, 2, '324.95', NULL, '2020-11-30 12:37:49', 1, 1),
(807, 619, 220, 'AJKZ', 6559438, 2, '324.95', NULL, '2020-11-30 12:37:49', 1, 1),
(808, 619, 220, 'AXQN', 6559471, 1, '1059.90', NULL, '2020-11-30 12:37:49', 1, 1),
(809, 619, 220, 'AUHD', 6559438, 1, '909.93', NULL, '2020-11-30 12:37:49', 1, 1),
(810, 619, 220, 'AYND', 6559438, 1, '909.93', NULL, '2020-11-30 12:37:49', 1, 1),
(811, 619, 220, 'AYXA', 6564123, 1, '659.94', NULL, '2020-11-30 12:37:49', 1, 1),
(812, 619, 220, 'AHTA', 6559438, 1, '1189.93', NULL, '2020-11-30 12:37:49', 1, 1),
(813, 619, 220, 'AJLB', 6559438, 2, '324.95', NULL, '2020-11-30 12:37:49', 1, 1),
(814, 745, 220, 'AYWZ', 6559327, 1, '909.93', NULL, '2020-11-30 12:37:49', 1, 1),
(815, 745, 220, 'AOZN', 6559327, 1, '1319.94', NULL, '2020-11-30 12:37:49', 1, 1),
(816, 745, 220, 'AXZE', 6559327, 1, '804.93', NULL, '2020-11-30 12:37:49', 1, 1),
(817, 745, 220, 'AYCD', 6559327, 1, '599.96', NULL, '2020-11-30 12:37:49', 1, 1),
(818, 745, 220, 'AJKZ', 6559327, 1, '176.21', NULL, '2020-11-30 12:37:49', 1, 1),
(819, 745, 220, 'AXYL', 6559327, 1, '601.93', NULL, '2020-11-30 12:37:49', 1, 1),
(820, 745, 220, 'AXXE', 6559327, 1, '1189.93', NULL, '2020-11-30 12:37:49', 1, 1),
(821, 745, 220, 'AYEA', 6559327, 1, '1084.93', NULL, '2020-11-30 12:37:49', 1, 1),
(822, 745, 220, 'AWDK', 6559327, 1, '979.93', NULL, '2020-11-30 12:37:49', 1, 1),
(823, 745, 220, 'AYCA', 6559327, 1, '599.96', NULL, '2020-11-30 12:37:49', 1, 1),
(824, 745, 220, 'AJLA', 6559327, 1, '176.21', NULL, '2020-11-30 12:37:49', 1, 1),
(825, 558, 220, 'AYNK', 6559407, 1, '562.43', NULL, '2020-11-30 12:37:49', 1, 1),
(826, 558, 220, 'AXWW', 6559407, 1, '1124.93', NULL, '2020-11-30 12:37:49', 1, 1),
(827, 757, 220, 'ZMOC', 6559423, 1, '1499.93', NULL, '2020-11-30 12:37:49', 1, 1),
(828, 757, 220, 'AXZF', 6559423, 1, '644.93', NULL, '2020-11-30 12:37:49', 1, 1),
(829, 757, 220, 'AZIA', 6559409, 1, '539.90', NULL, '2020-11-30 12:37:49', 1, 1),
(830, 792, 220, 'AYMJ', 6559316, 1, '787.43', NULL, '2020-11-30 12:37:49', 1, 1),
(831, 792, 220, 'AYBU', 6559316, 1, '639.96', NULL, '2020-11-30 12:37:49', 1, 1),
(832, 792, 220, 'BAXF', 6559316, 1, '974.93', NULL, '2020-11-30 12:37:49', 1, 1),
(833, 792, 220, 'AYCB', 6559316, 1, '639.96', NULL, '2020-11-30 12:37:49', 1, 1),
(834, 792, 220, 'AYJF', 6559316, 1, '787.43', NULL, '2020-11-30 12:37:49', 1, 1),
(835, 830, 220, 'AYSG', 6559381, 1, '449.93', NULL, '2020-11-30 12:37:49', 1, 1),
(836, 830, 220, 'AXNR', 6559381, 1, '674.93', NULL, '2020-11-30 12:37:49', 1, 1),
(837, 830, 220, 'AZBM', 6559381, 1, '187.96', NULL, '2020-11-30 12:37:49', 1, 1),
(838, 830, 220, 'AZBL', 6559381, 1, '187.96', NULL, '2020-11-30 12:37:49', 1, 1),
(839, 830, 220, 'AXXT', 6559381, 1, '524.93', NULL, '2020-11-30 12:37:49', 1, 1),
(840, 830, 220, 'AXPX', 6564084, 1, '674.93', NULL, '2020-11-30 12:37:49', 1, 1),
(841, 941, 220, 'AXPX', 6559350, 1, '674.93', NULL, '2020-11-30 12:37:49', 1, 1),
(842, 941, 220, 'AXXH', 6559350, 1, '974.93', NULL, '2020-11-30 12:37:49', 1, 1),
(843, 941, 220, 'AVSL', 6559350, 1, '1124.93', NULL, '2020-11-30 12:37:49', 1, 1),
(844, 941, 220, 'AYNL', 6559350, 1, '562.43', NULL, '2020-11-30 12:37:49', 1, 1),
(845, 941, 220, 'AXTH', 6564078, 1, '862.43', NULL, '2020-11-30 12:37:49', 1, 1),
(846, 556, 220, 'AOVR', 6564087, 1, '449.90', NULL, '2020-11-30 12:37:49', 1, 1),
(847, 556, 220, 'AYPA', 6564077, 1, '374.93', NULL, '2020-11-30 12:37:49', 1, 1),
(848, 556, 220, 'AXXU', 6559473, 1, '524.93', NULL, '2020-11-30 12:37:49', 1, 1),
(849, 556, 220, 'ZMOC', 6564077, 1, '1399.93', NULL, '2020-11-30 12:37:49', 1, 1),
(850, 556, 220, 'AXWA', 6564087, 1, '599.90', NULL, '2020-11-30 12:37:49', 1, 1),
(851, 556, 220, 'AYAD', 6564077, 1, '862.43', NULL, '2020-11-30 12:37:49', 1, 1),
(852, 556, 220, 'AYDZ', 6564077, 1, '862.43', NULL, '2020-11-30 12:37:49', 1, 1),
(853, 556, 220, 'AXVU', 6564077, 1, '674.93', NULL, '2020-11-30 12:37:49', 1, 1),
(854, 561, 220, 'AYMR', 6559368, 1, '529.90', NULL, '2020-11-30 12:37:49', 1, 1),
(855, 561, 220, 'AXYQ', 6559368, 1, '619.90', NULL, '2020-11-30 12:37:49', 1, 1),
(856, 561, 220, 'AMZP', 6559371, 1, '187.96', NULL, '2020-11-30 12:37:49', 1, 1),
(857, 561, 220, 'AYGX', 6559368, 1, '599.90', NULL, '2020-11-30 12:37:49', 1, 1),
(858, 561, 220, 'AMZO', 6559371, 1, '187.96', NULL, '2020-11-30 12:37:49', 1, 1),
(859, 561, 220, 'AWUH', 6559371, 1, '329.93', NULL, '2020-11-30 12:37:49', 1, 1),
(860, 561, 220, 'AYJN', 6559371, 1, '699.93', NULL, '2020-11-30 12:37:49', 1, 1),
(861, 561, 220, 'AVMI', 6559371, 1, '1274.93', NULL, '2020-11-30 12:37:49', 1, 1),
(862, 561, 220, 'AXPS', 6559371, 1, '899.93', NULL, '2020-11-30 12:37:49', 1, 1),
(863, 686, 220, 'APKW', 6559344, 1, '637.46', NULL, '2020-11-30 12:37:49', 1, 1),
(864, 686, 220, 'AUIN', 6559344, 1, '909.93', NULL, '2020-11-30 12:37:49', 1, 1),
(865, 686, 220, 'ATYJ', 6559344, 1, '712.46', NULL, '2020-11-30 12:37:49', 1, 1),
(866, 686, 220, 'AOUP', 6559344, 1, '699.93', NULL, '2020-11-30 12:37:49', 1, 1),
(867, 686, 220, 'AXJE', 6559344, 1, '712.46', NULL, '2020-11-30 12:37:49', 1, 1),
(868, 686, 220, 'AOUX', 6559344, 1, '712.46', NULL, '2020-11-30 12:37:49', 1, 1),
(869, 686, 220, 'AUHE', 6559344, 1, '909.93', NULL, '2020-11-30 12:37:49', 1, 1),
(870, 686, 220, 'AYPN', 6559344, 1, '1119.93', NULL, '2020-11-30 12:37:49', 1, 1),
(871, 686, 220, 'AOVB', 6559344, 1, '712.46', NULL, '2020-11-30 12:37:49', 1, 1),
(872, 686, 220, 'APKQ', 6559344, 1, '629.93', NULL, '2020-11-30 12:37:49', 1, 1),
(873, 686, 220, 'AXNA', 6559344, 1, '637.46', NULL, '2020-11-30 12:37:49', 1, 1),
(874, 686, 220, 'AYXA', 6559344, 1, '659.94', NULL, '2020-11-30 12:37:49', 1, 1),
(875, 686, 220, 'AXIQ', 6564092, 1, '1179.90', NULL, '2020-11-30 12:37:49', 1, 1),
(876, 686, 220, 'AXJG', 6564088, 1, '487.46', NULL, '2020-11-30 12:37:49', 1, 1),
(877, 686, 220, 'AXJI', 6564088, 1, '487.46', NULL, '2020-11-30 12:37:49', 1, 1),
(878, 580, 220, 'AYDH', 6559373, 1, '929.90', NULL, '2020-11-30 12:37:49', 1, 1),
(879, 580, 220, 'AXQO', 6559373, 1, '799.90', NULL, '2020-11-30 12:37:49', 1, 1),
(880, 580, 220, 'ASJD', 6559373, 1, '969.90', NULL, '2020-11-30 12:37:49', 1, 1),
(881, 580, 220, 'AXVZ', 6559373, 1, '599.90', NULL, '2020-11-30 12:37:49', 1, 1),
(882, 580, 220, 'AXII', 6559373, 1, '999.90', NULL, '2020-11-30 12:37:49', 1, 1),
(883, 580, 220, 'APKW', 6564080, 1, '679.96', NULL, '2020-11-30 12:37:49', 1, 1),
(884, 580, 220, 'AYHO', 6564080, 1, '1124.93', NULL, '2020-11-30 12:37:49', 1, 1),
(885, 580, 220, 'AXQF', 6564094, 1, '929.90', NULL, '2020-11-30 12:37:49', 1, 1),
(886, 580, 220, 'APKT', 6564080, 1, '679.96', NULL, '2020-11-30 12:37:49', 1, 1),
(887, 580, 220, 'AYHC', 6564080, 1, '824.93', NULL, '2020-11-30 12:37:49', 1, 1),
(888, 580, 220, 'AUIM', 6564080, 1, '974.93', NULL, '2020-11-30 12:37:49', 1, 1),
(889, 580, 220, 'AASX', 6564080, 1, '1319.94', NULL, '2020-11-30 12:37:49', 1, 1),
(890, 356, 220, 'AYVQ', 6559394, 1, '824.93', NULL, '2020-11-30 12:37:49', 1, 1),
(891, 356, 220, 'AYNB', 6559394, 1, '749.93', NULL, '2020-11-30 12:37:49', 1, 1),
(892, 356, 220, 'AYSP', 6559394, 1, '599.93', NULL, '2020-11-30 12:37:49', 1, 1),
(893, 356, 220, 'ATSA', 6559394, 1, '1949.93', NULL, '2020-11-30 12:37:49', 1, 1),
(894, 356, 220, 'AYMJ', 6559394, 1, '787.43', NULL, '2020-11-30 12:37:49', 1, 1),
(895, 356, 220, 'AQNQ', 6559394, 1, '1124.93', NULL, '2020-11-30 12:37:49', 1, 1),
(896, 356, 220, 'AYHM', 6559394, 1, '1124.93', NULL, '2020-11-30 12:37:49', 1, 1),
(897, 1023, 220, 'APKQ', 6559333, 2, '1359.92', NULL, '2020-11-30 12:37:49', 1, 1),
(898, 1023, 220, 'ATYK', 6559333, 1, '699.93', NULL, '2020-11-30 12:37:49', 1, 1),
(899, 1023, 220, 'AXTS', 6559333, 1, '862.43', NULL, '2020-11-30 12:37:49', 1, 1),
(900, 1023, 220, 'AXJE', 6559333, 1, '749.93', NULL, '2020-11-30 12:37:49', 1, 1),
(901, 1023, 220, 'AXRZ', 6559333, 1, '862.43', NULL, '2020-11-30 12:37:49', 1, 1),
(902, 1023, 220, 'AXRG', 6559333, 1, '1499.93', NULL, '2020-11-30 12:37:49', 1, 1),
(903, 1023, 220, 'AYHB', 6559333, 1, '824.93', NULL, '2020-11-30 12:37:49', 1, 1),
(904, 1023, 220, 'AXXU', 6559333, 1, '524.93', NULL, '2020-11-30 12:37:49', 1, 1),
(905, 114, 220, 'AYPE', 6559317, 1, '1749.93', NULL, '2020-11-30 12:37:49', 1, 1),
(906, 114, 220, 'AXXH', 6559317, 1, '909.93', NULL, '2020-11-30 12:37:49', 1, 1),
(907, 114, 220, 'AXWL', 6559317, 1, '419.94', NULL, '2020-11-30 12:37:49', 1, 1),
(908, 114, 220, 'AXMZ', 6559317, 1, '637.46', NULL, '2020-11-30 12:37:49', 1, 1),
(909, 114, 220, 'AYTC', 6559317, 1, '239.96', NULL, '2020-11-30 12:37:49', 1, 1),
(910, 114, 220, 'AYUE', 6559317, 1, '664.93', NULL, '2020-11-30 12:37:49', 1, 1),
(911, 114, 220, 'AYHF', 6559317, 1, '559.93', NULL, '2020-11-30 12:37:49', 1, 1),
(912, 114, 220, 'AYPG', 6559317, 1, '1749.93', NULL, '2020-11-30 12:37:49', 1, 1),
(913, 114, 220, 'AXIV', 6559317, 1, '299.94', NULL, '2020-11-30 12:37:49', 1, 1),
(914, 114, 220, 'AYJF', 6559317, 1, '734.93', NULL, '2020-11-30 12:37:49', 1, 1),
(915, 114, 220, 'AXNJ', 6559317, 1, '804.93', NULL, '2020-11-30 12:37:49', 1, 1),
(916, 114, 220, 'AYMQ', 6559317, 1, '699.93', NULL, '2020-11-30 12:37:49', 1, 1),
(917, 114, 220, 'AXXK', 6559317, 1, '909.93', NULL, '2020-11-30 12:37:49', 1, 1),
(918, 114, 220, 'AYES', 6559317, 1, '629.93', NULL, '2020-11-30 12:37:49', 1, 1),
(919, 114, 220, 'AYCQ', 6559317, 1, '944.93', NULL, '2020-11-30 12:37:49', 1, 1),
(920, 114, 220, 'AQQB', 6559317, 1, '1189.93', NULL, '2020-11-30 12:37:49', 1, 1),
(921, 114, 220, 'AYEU', 6559317, 1, '699.93', NULL, '2020-11-30 12:37:49', 1, 1),
(922, 114, 220, 'AYCM', 6559317, 1, '629.93', NULL, '2020-11-30 12:37:49', 1, 1),
(923, 114, 220, 'AXRO', 6559317, 1, '559.93', NULL, '2020-11-30 12:37:49', 1, 1),
(924, 114, 220, 'AYNG', 6559317, 1, '538.93', NULL, '2020-11-30 12:37:49', 1, 1),
(925, 114, 220, 'AXNR', 6559317, 1, '629.93', NULL, '2020-11-30 12:37:49', 1, 1),
(926, 114, 220, 'AXRJ', 6559317, 1, '1399.93', NULL, '2020-11-30 12:37:49', 1, 1),
(927, 114, 220, 'AXPS', 6559317, 1, '839.93', NULL, '2020-11-30 12:37:49', 1, 1),
(928, 114, 220, 'AYPM', 6559317, 1, '601.93', NULL, '2020-11-30 12:37:49', 1, 1),
(929, 114, 220, 'AYSL', 6559317, 1, '239.96', NULL, '2020-11-30 12:37:49', 1, 1),
(930, 114, 220, 'APKQ', 6559317, 1, '637.46', NULL, '2020-11-30 12:37:49', 1, 1),
(931, 114, 220, 'AXPD', 6559328, 1, '1299.94', NULL, '2020-11-30 12:37:49', 1, 1),
(932, 114, 220, 'AXJV', 6559328, 1, '1049.93', NULL, '2020-11-30 12:37:49', 1, 1),
(933, 114, 220, 'AXPG', 6559328, 1, '1189.93', NULL, '2020-11-30 12:37:49', 1, 1),
(934, 114, 220, 'AZCH', 6559361, 1, '659.90', NULL, '2020-11-30 12:37:49', 1, 1),
(935, 114, 220, 'AXXR', 6559353, 1, '1659.90', NULL, '2020-11-30 12:37:49', 1, 1),
(936, 114, 220, 'AYEF', 6559353, 1, '999.90', NULL, '2020-11-30 12:37:49', 1, 1),
(937, 114, 220, 'AZFH', 6559361, 1, '419.90', NULL, '2020-11-30 12:37:49', 1, 1),
(938, 114, 220, 'AZGP', 6559361, 1, '489.90', NULL, '2020-11-30 12:37:49', 1, 1),
(939, 949, 220, 'ALLY', 6559466, 1, '449.90', NULL, '2020-11-30 12:37:49', 1, 1),
(940, 949, 220, 'AQLN', 6559466, 1, '399.90', NULL, '2020-11-30 12:37:49', 1, 1),
(941, 949, 220, 'AXNC', 6564098, 1, '1589.90', NULL, '2020-11-30 12:37:49', 1, 1),
(942, 949, 220, 'APIE', 6559466, 1, '689.90', NULL, '2020-11-30 12:37:49', 1, 1),
(943, 948, 220, 'AYSN', 6559405, 1, '599.93', NULL, '2020-11-30 12:37:49', 1, 1),
(944, 948, 220, 'DHO', 6559405, 1, '494.93', NULL, '2020-11-30 12:37:49', 1, 1),
(945, 803, 220, 'AXKD', 6564091, 1, '824.93', NULL, '2020-11-30 12:37:49', 1, 1),
(946, 984, 220, 'AYTT', 6564095, 1, '419.94', NULL, '2020-11-30 12:37:49', 1, 1),
(947, 984, 220, 'AYUY', 6559458, 1, '674.93', NULL, '2020-11-30 12:37:49', 1, 1),
(948, 984, 220, 'AXSF', 6564095, 1, '997.43', NULL, '2020-11-30 12:37:49', 1, 1),
(949, 984, 220, 'AXPS', 6559458, 1, '899.93', NULL, '2020-11-30 12:37:49', 1, 1),
(950, 984, 220, 'AWQA', 6559458, 1, '322.43', NULL, '2020-11-30 12:37:49', 1, 1),
(951, 984, 220, 'AYDZ', 6559458, 1, '862.43', NULL, '2020-11-30 12:37:49', 1, 1),
(952, 647, 220, 'AVSJ', 6559443, 1, '1124.93', NULL, '2020-11-30 12:37:49', 1, 1),
(953, 647, 220, 'AHZZ', 6564106, 1, '176.21', NULL, '2020-11-30 12:37:49', 1, 1),
(954, 647, 220, 'AYHM', 6559443, 1, '1124.93', NULL, '2020-11-30 12:37:49', 1, 1),
(955, 647, 220, 'BAXG', 6559443, 1, '974.93', NULL, '2020-11-30 12:37:49', 1, 1),
(956, 647, 220, 'AYNV', 6559443, 1, '1199.93', NULL, '2020-11-30 12:37:49', 1, 1),
(957, 647, 220, 'AIAA', 6564106, 1, '176.21', NULL, '2020-11-30 12:37:49', 1, 1),
(958, 647, 220, 'DHS', 6559443, 1, '449.93', NULL, '2020-11-30 12:37:49', 1, 1),
(959, 647, 220, 'AYHB', 6564106, 1, '769.93', NULL, '2020-11-30 12:37:49', 1, 1),
(960, 647, 220, 'APKU', 6559443, 1, '679.96', NULL, '2020-11-30 12:37:49', 1, 1),
(961, 647, 220, 'AYVA', 6559443, 1, '674.93', NULL, '2020-11-30 12:37:49', 1, 1),
(962, 647, 220, 'APKL', 6559443, 1, '679.96', NULL, '2020-11-30 12:37:49', 1, 1),
(963, 832, 220, 'AYLO', 6559418, 1, '487.46', NULL, '2020-11-30 12:37:49', 1, 1),
(964, 832, 220, 'AJLA', 6559418, 1, '176.21', NULL, '2020-11-30 12:37:49', 1, 1),
(965, 832, 220, 'AYST', 6559418, 1, '293.93', NULL, '2020-11-30 12:37:49', 1, 1),
(966, 832, 220, 'AYMK', 6559418, 1, '734.93', NULL, '2020-11-30 12:37:49', 1, 1),
(967, 832, 220, 'ZMOC', 6559418, 1, '1399.93', NULL, '2020-11-30 12:37:49', 1, 1),
(968, 832, 220, 'AYLV', 6559418, 1, '594.93', NULL, '2020-11-30 12:37:49', 1, 1),
(969, 832, 220, 'AYLR', 6559418, 1, '487.46', NULL, '2020-11-30 12:37:49', 1, 1),
(970, 832, 220, 'AXNZ', 6559418, 1, '489.93', NULL, '2020-11-30 12:37:49', 1, 1),
(971, 832, 220, 'AIAA', 6559418, 1, '188.93', NULL, '2020-11-30 12:37:49', 1, 1),
(972, 832, 220, 'AYHI', 6559418, 1, '559.93', NULL, '2020-11-30 12:37:49', 1, 1),
(973, 832, 220, 'AXOC', 6559418, 1, '489.93', NULL, '2020-11-30 12:37:49', 1, 1),
(974, 832, 220, 'AJKZ', 6559418, 1, '176.21', NULL, '2020-11-30 12:37:49', 1, 1),
(975, 832, 220, 'AZND', 6559445, 1, '529.90', NULL, '2020-11-30 12:37:49', 1, 1);

-- --------------------------------------------------------

--
-- Estructura de tabla para la tabla `recompras`
--

DROP TABLE IF EXISTS `recompras`;
CREATE TABLE IF NOT EXISTS `recompras` (
  `cod` int(10) UNSIGNED NOT NULL AUTO_INCREMENT,
  `id_cp` int(10) UNSIGNED NOT NULL,
  `nro_camp` int(10) UNSIGNED NOT NULL,
  `ejemplar` int(10) UNSIGNED NOT NULL,
  `precio_recompra` decimal(10,2) UNSIGNED NOT NULL,
  `fecha_registro` timestamp NOT NULL DEFAULT CURRENT_TIMESTAMP,
  `active_row` tinyint(1) NOT NULL DEFAULT '1',
  PRIMARY KEY (`cod`),
  KEY `id_cp` (`id_cp`),
  KEY `nro_camp` (`nro_camp`),
  KEY `ejemplar` (`ejemplar`)
) ENGINE=InnoDB DEFAULT CHARSET=latin1;

-- --------------------------------------------------------

--
-- Estructura de tabla para la tabla `saldos`
--

DROP TABLE IF EXISTS `saldos`;
CREATE TABLE IF NOT EXISTS `saldos` (
  `id_cp` int(10) UNSIGNED NOT NULL,
  `nro_camp` int(10) UNSIGNED NOT NULL,
  `balance` decimal(10,2) NOT NULL DEFAULT '0.00',
  `pedidos_comisionables` decimal(10,2) UNSIGNED NOT NULL DEFAULT '0.00',
  `pedidos_no_comisionables` decimal(10,2) UNSIGNED NOT NULL DEFAULT '0.00',
  `catalogos` decimal(10,2) UNSIGNED NOT NULL DEFAULT '0.00',
  `recompras` decimal(10,2) UNSIGNED NOT NULL DEFAULT '0.00',
  `pagos` decimal(10,2) UNSIGNED NOT NULL DEFAULT '0.00',
  `devoluciones` decimal(10,2) UNSIGNED NOT NULL DEFAULT '0.00',
  `comision` decimal(10,2) UNSIGNED NOT NULL DEFAULT '0.00',
  `active_row` tinyint(1) NOT NULL DEFAULT '1',
  PRIMARY KEY (`id_cp`,`nro_camp`),
  KEY `nro_camp` (`nro_camp`)
) ENGINE=InnoDB DEFAULT CHARSET=latin1;

--
-- Volcado de datos para la tabla `saldos`
--

INSERT INTO `saldos` (`id_cp`, `nro_camp`, `balance`, `pedidos_comisionables`, `pedidos_no_comisionables`, `catalogos`, `recompras`, `pagos`, `devoluciones`, `comision`, `active_row`) VALUES
(0, 219, '0.00', '0.00', '0.00', '0.00', '0.00', '0.00', '0.00', '0.00', 1),
(0, 220, '-1149.69', '1149.69', '0.00', '0.00', '0.00', '0.00', '0.00', '0.00', 1),
(2, 219, '0.00', '0.00', '0.00', '0.00', '0.00', '0.00', '0.00', '0.00', 1),
(2, 220, '-1259.78', '1259.78', '0.00', '0.00', '0.00', '0.00', '0.00', '0.00', 1),
(12, 219, '0.00', '0.00', '0.00', '0.00', '0.00', '0.00', '0.00', '0.00', 1),
(12, 220, '-44621.80', '44621.80', '0.00', '0.00', '0.00', '0.00', '0.00', '0.00', 1),
(15, 219, '0.00', '0.00', '0.00', '0.00', '0.00', '0.00', '0.00', '0.00', 1),
(15, 220, '-14772.75', '14772.75', '0.00', '0.00', '0.00', '0.00', '0.00', '0.00', 1),
(33, 219, '0.00', '0.00', '0.00', '0.00', '0.00', '0.00', '0.00', '0.00', 1),
(33, 220, '-2169.85', '2169.85', '0.00', '0.00', '0.00', '0.00', '0.00', '0.00', 1),
(57, 219, '0.00', '0.00', '0.00', '0.00', '0.00', '0.00', '0.00', '0.00', 1),
(57, 220, '-6252.07', '6252.07', '0.00', '0.00', '0.00', '0.00', '0.00', '0.00', 1),
(82, 219, '0.00', '0.00', '0.00', '0.00', '0.00', '0.00', '0.00', '0.00', 1),
(82, 220, '-2639.68', '2639.68', '0.00', '0.00', '0.00', '0.00', '0.00', '0.00', 1),
(90, 219, '0.00', '0.00', '0.00', '0.00', '0.00', '0.00', '0.00', '0.00', 1),
(90, 220, '-2212.26', '2212.26', '0.00', '0.00', '0.00', '0.00', '0.00', '0.00', 1),
(113, 219, '0.00', '0.00', '0.00', '0.00', '0.00', '0.00', '0.00', '0.00', 1),
(113, 220, '-8609.24', '8609.24', '0.00', '0.00', '0.00', '0.00', '0.00', '0.00', 1),
(114, 219, '0.00', '0.00', '0.00', '0.00', '0.00', '0.00', '0.00', '0.00', 1),
(114, 220, '-27693.62', '27693.62', '0.00', '0.00', '0.00', '0.00', '0.00', '0.00', 1),
(139, 219, '0.00', '0.00', '0.00', '0.00', '0.00', '0.00', '0.00', '0.00', 1),
(139, 220, '-10899.19', '10899.19', '0.00', '0.00', '0.00', '0.00', '0.00', '0.00', 1),
(166, 219, '0.00', '0.00', '0.00', '0.00', '0.00', '0.00', '0.00', '0.00', 1),
(166, 220, '-10474.21', '10474.21', '0.00', '0.00', '0.00', '0.00', '0.00', '0.00', 1),
(183, 219, '0.00', '0.00', '0.00', '0.00', '0.00', '0.00', '0.00', '0.00', 1),
(183, 220, '-899.93', '899.93', '0.00', '0.00', '0.00', '0.00', '0.00', '0.00', 1),
(221, 219, '0.00', '0.00', '0.00', '0.00', '0.00', '0.00', '0.00', '0.00', 1),
(221, 220, '-14048.83', '14048.83', '0.00', '0.00', '0.00', '0.00', '0.00', '0.00', 1),
(240, 219, '0.00', '0.00', '0.00', '0.00', '0.00', '0.00', '0.00', '0.00', 1),
(240, 220, '-3262.22', '3262.22', '0.00', '0.00', '0.00', '0.00', '0.00', '0.00', 1),
(269, 219, '0.00', '0.00', '0.00', '0.00', '0.00', '0.00', '0.00', '0.00', 1),
(269, 220, '-4954.70', '4954.70', '0.00', '0.00', '0.00', '0.00', '0.00', '0.00', 1),
(276, 219, '0.00', '0.00', '0.00', '0.00', '0.00', '0.00', '0.00', '0.00', 1),
(276, 220, '-5883.91', '5883.91', '0.00', '0.00', '0.00', '0.00', '0.00', '0.00', 1),
(288, 219, '0.00', '0.00', '0.00', '0.00', '0.00', '0.00', '0.00', '0.00', 1),
(288, 220, '-3037.22', '3037.22', '0.00', '0.00', '0.00', '0.00', '0.00', '0.00', 1),
(354, 219, '0.00', '0.00', '0.00', '0.00', '0.00', '0.00', '0.00', '0.00', 1),
(354, 220, '-7801.85', '7801.85', '0.00', '0.00', '0.00', '0.00', '0.00', '0.00', 1),
(356, 219, '0.00', '0.00', '0.00', '0.00', '0.00', '0.00', '0.00', '0.00', 1),
(356, 220, '-7162.01', '7162.01', '0.00', '0.00', '0.00', '0.00', '0.00', '0.00', 1),
(406, 219, '0.00', '0.00', '0.00', '0.00', '0.00', '0.00', '0.00', '0.00', 1),
(406, 220, '-16933.69', '16933.69', '0.00', '0.00', '0.00', '0.00', '0.00', '0.00', 1),
(422, 219, '0.00', '0.00', '0.00', '0.00', '0.00', '0.00', '0.00', '0.00', 1),
(422, 220, '-3614.78', '3614.78', '0.00', '0.00', '0.00', '0.00', '0.00', '0.00', 1),
(435, 219, '0.00', '0.00', '0.00', '0.00', '0.00', '0.00', '0.00', '0.00', 1),
(435, 220, '-20488.39', '20488.39', '0.00', '0.00', '0.00', '0.00', '0.00', '0.00', 1),
(468, 219, '0.00', '0.00', '0.00', '0.00', '0.00', '0.00', '0.00', '0.00', 1),
(468, 220, '-9405.10', '9405.10', '0.00', '0.00', '0.00', '0.00', '0.00', '0.00', 1),
(476, 219, '0.00', '0.00', '0.00', '0.00', '0.00', '0.00', '0.00', '0.00', 1),
(476, 220, '-13345.14', '13345.14', '0.00', '0.00', '0.00', '0.00', '0.00', '0.00', 1),
(516, 219, '0.00', '0.00', '0.00', '0.00', '0.00', '0.00', '0.00', '0.00', 1),
(516, 220, '-399.90', '399.90', '0.00', '0.00', '0.00', '0.00', '0.00', '0.00', 1),
(535, 219, '0.00', '0.00', '0.00', '0.00', '0.00', '0.00', '0.00', '0.00', 1),
(535, 220, '-6172.09', '6172.09', '0.00', '0.00', '0.00', '0.00', '0.00', '0.00', 1),
(549, 219, '0.00', '0.00', '0.00', '0.00', '0.00', '0.00', '0.00', '0.00', 1),
(549, 220, '-5769.59', '5769.59', '0.00', '0.00', '0.00', '0.00', '0.00', '0.00', 1),
(556, 219, '0.00', '0.00', '0.00', '0.00', '0.00', '0.00', '0.00', '0.00', 1),
(556, 220, '-5749.38', '5749.38', '0.00', '0.00', '0.00', '0.00', '0.00', '0.00', 1),
(557, 219, '0.00', '0.00', '0.00', '0.00', '0.00', '0.00', '0.00', '0.00', 1),
(557, 220, '-6024.56', '6024.56', '0.00', '0.00', '0.00', '0.00', '0.00', '0.00', 1),
(558, 219, '0.00', '0.00', '0.00', '0.00', '0.00', '0.00', '0.00', '0.00', 1),
(558, 220, '-1687.36', '1687.36', '0.00', '0.00', '0.00', '0.00', '0.00', '0.00', 1),
(561, 219, '0.00', '0.00', '0.00', '0.00', '0.00', '0.00', '0.00', '0.00', 1),
(561, 220, '-5330.34', '5330.34', '0.00', '0.00', '0.00', '0.00', '0.00', '0.00', 1),
(567, 219, '0.00', '0.00', '0.00', '0.00', '0.00', '0.00', '0.00', '0.00', 1),
(567, 220, '-25475.96', '25475.96', '0.00', '0.00', '0.00', '0.00', '0.00', '0.00', 1),
(580, 219, '0.00', '0.00', '0.00', '0.00', '0.00', '0.00', '0.00', '0.00', 1),
(580, 220, '-10834.05', '10834.05', '0.00', '0.00', '0.00', '0.00', '0.00', '0.00', 1),
(589, 219, '0.00', '0.00', '0.00', '0.00', '0.00', '0.00', '0.00', '0.00', 1),
(589, 220, '-6244.48', '6244.48', '0.00', '0.00', '0.00', '0.00', '0.00', '0.00', 1),
(619, 219, '0.00', '0.00', '0.00', '0.00', '0.00', '0.00', '0.00', '0.00', 1),
(619, 220, '-7629.27', '7629.27', '0.00', '0.00', '0.00', '0.00', '0.00', '0.00', 1),
(639, 219, '0.00', '0.00', '0.00', '0.00', '0.00', '0.00', '0.00', '0.00', 1),
(639, 220, '-1462.36', '1462.36', '0.00', '0.00', '0.00', '0.00', '0.00', '0.00', 1),
(647, 219, '0.00', '0.00', '0.00', '0.00', '0.00', '0.00', '0.00', '0.00', 1),
(647, 220, '-8031.85', '8031.85', '0.00', '0.00', '0.00', '0.00', '0.00', '0.00', 1),
(665, 219, '0.00', '0.00', '0.00', '0.00', '0.00', '0.00', '0.00', '0.00', 1),
(665, 220, '-847.36', '847.36', '0.00', '0.00', '0.00', '0.00', '0.00', '0.00', 1),
(686, 219, '0.00', '0.00', '0.00', '0.00', '0.00', '0.00', '0.00', '0.00', 1),
(686, 220, '-11209.17', '11209.17', '0.00', '0.00', '0.00', '0.00', '0.00', '0.00', 1),
(694, 219, '0.00', '0.00', '0.00', '0.00', '0.00', '0.00', '0.00', '0.00', 1),
(694, 220, '-562.43', '562.43', '0.00', '0.00', '0.00', '0.00', '0.00', '0.00', 1),
(703, 219, '0.00', '0.00', '0.00', '0.00', '0.00', '0.00', '0.00', '0.00', 1),
(703, 220, '-15106.78', '15106.78', '0.00', '0.00', '0.00', '0.00', '0.00', '0.00', 1),
(704, 219, '0.00', '0.00', '0.00', '0.00', '0.00', '0.00', '0.00', '0.00', 1),
(704, 220, '-7964.28', '7964.28', '0.00', '0.00', '0.00', '0.00', '0.00', '0.00', 1),
(706, 219, '0.00', '0.00', '0.00', '0.00', '0.00', '0.00', '0.00', '0.00', 1),
(706, 220, '-1859.72', '1859.72', '0.00', '0.00', '0.00', '0.00', '0.00', '0.00', 1),
(732, 219, '0.00', '0.00', '0.00', '0.00', '0.00', '0.00', '0.00', '0.00', 1),
(732, 220, '-449.90', '449.90', '0.00', '0.00', '0.00', '0.00', '0.00', '0.00', 1),
(745, 219, '0.00', '0.00', '0.00', '0.00', '0.00', '0.00', '0.00', '0.00', 1),
(745, 220, '-8443.86', '8443.86', '0.00', '0.00', '0.00', '0.00', '0.00', '0.00', 1),
(751, 219, '0.00', '0.00', '0.00', '0.00', '0.00', '0.00', '0.00', '0.00', 1),
(751, 220, '-4477.20', '4477.20', '0.00', '0.00', '0.00', '0.00', '0.00', '0.00', 1),
(757, 219, '0.00', '0.00', '0.00', '0.00', '0.00', '0.00', '0.00', '0.00', 1),
(757, 220, '-2684.76', '2684.76', '0.00', '0.00', '0.00', '0.00', '0.00', '0.00', 1),
(771, 219, '0.00', '0.00', '0.00', '0.00', '0.00', '0.00', '0.00', '0.00', 1),
(771, 220, '-1799.86', '1799.86', '0.00', '0.00', '0.00', '0.00', '0.00', '0.00', 1),
(792, 219, '0.00', '0.00', '0.00', '0.00', '0.00', '0.00', '0.00', '0.00', 1),
(792, 220, '-3829.71', '3829.71', '0.00', '0.00', '0.00', '0.00', '0.00', '0.00', 1),
(796, 219, '0.00', '0.00', '0.00', '0.00', '0.00', '0.00', '0.00', '0.00', 1),
(796, 220, '-8996.60', '8996.60', '0.00', '0.00', '0.00', '0.00', '0.00', '0.00', 1),
(803, 219, '0.00', '0.00', '0.00', '0.00', '0.00', '0.00', '0.00', '0.00', 1),
(803, 220, '-824.93', '824.93', '0.00', '0.00', '0.00', '0.00', '0.00', '0.00', 1),
(804, 219, '0.00', '0.00', '0.00', '0.00', '0.00', '0.00', '0.00', '0.00', 1),
(804, 220, '-1552.33', '1552.33', '0.00', '0.00', '0.00', '0.00', '0.00', '0.00', 1),
(811, 219, '0.00', '0.00', '0.00', '0.00', '0.00', '0.00', '0.00', '0.00', 1),
(811, 220, '-5956.78', '5956.78', '0.00', '0.00', '0.00', '0.00', '0.00', '0.00', 1),
(815, 219, '0.00', '0.00', '0.00', '0.00', '0.00', '0.00', '0.00', '0.00', 1),
(815, 220, '-824.93', '824.93', '0.00', '0.00', '0.00', '0.00', '0.00', '0.00', 1),
(823, 219, '0.00', '0.00', '0.00', '0.00', '0.00', '0.00', '0.00', '0.00', 1),
(823, 220, '-1769.86', '1769.86', '0.00', '0.00', '0.00', '0.00', '0.00', '0.00', 1),
(830, 219, '0.00', '0.00', '0.00', '0.00', '0.00', '0.00', '0.00', '0.00', 1),
(830, 220, '-2700.64', '2700.64', '0.00', '0.00', '0.00', '0.00', '0.00', '0.00', 1),
(832, 219, '0.00', '0.00', '0.00', '0.00', '0.00', '0.00', '0.00', '0.00', 1),
(832, 220, '-6609.68', '6609.68', '0.00', '0.00', '0.00', '0.00', '0.00', '0.00', 1),
(835, 219, '0.00', '0.00', '0.00', '0.00', '0.00', '0.00', '0.00', '0.00', 1),
(835, 220, '-7411.41', '7411.41', '0.00', '0.00', '0.00', '0.00', '0.00', '0.00', 1),
(839, 219, '0.00', '0.00', '0.00', '0.00', '0.00', '0.00', '0.00', '0.00', 1),
(839, 220, '-6301.88', '6301.88', '0.00', '0.00', '0.00', '0.00', '0.00', '0.00', 1),
(840, 219, '0.00', '0.00', '0.00', '0.00', '0.00', '0.00', '0.00', '0.00', 1),
(840, 220, '-2624.79', '2624.79', '0.00', '0.00', '0.00', '0.00', '0.00', '0.00', 1),
(844, 219, '0.00', '0.00', '0.00', '0.00', '0.00', '0.00', '0.00', '0.00', 1),
(844, 220, '-6154.56', '6154.56', '0.00', '0.00', '0.00', '0.00', '0.00', '0.00', 1),
(845, 219, '0.00', '0.00', '0.00', '0.00', '0.00', '0.00', '0.00', '0.00', 1),
(845, 220, '-2474.93', '2474.93', '0.00', '0.00', '0.00', '0.00', '0.00', '0.00', 1),
(853, 219, '0.00', '0.00', '0.00', '0.00', '0.00', '0.00', '0.00', '0.00', 1),
(853, 220, '-4959.54', '4959.54', '0.00', '0.00', '0.00', '0.00', '0.00', '0.00', 1),
(859, 219, '0.00', '0.00', '0.00', '0.00', '0.00', '0.00', '0.00', '0.00', 1),
(859, 220, '-7246.82', '7246.82', '0.00', '0.00', '0.00', '0.00', '0.00', '0.00', 1),
(869, 219, '0.00', '0.00', '0.00', '0.00', '0.00', '0.00', '0.00', '0.00', 1),
(869, 220, '-6114.38', '6114.38', '0.00', '0.00', '0.00', '0.00', '0.00', '0.00', 1),
(876, 219, '0.00', '0.00', '0.00', '0.00', '0.00', '0.00', '0.00', '0.00', 1),
(876, 220, '-5819.62', '5819.62', '0.00', '0.00', '0.00', '0.00', '0.00', '0.00', 1),
(878, 219, '0.00', '0.00', '0.00', '0.00', '0.00', '0.00', '0.00', '0.00', 1),
(878, 220, '-5756.47', '5756.47', '0.00', '0.00', '0.00', '0.00', '0.00', '0.00', 1),
(887, 219, '0.00', '0.00', '0.00', '0.00', '0.00', '0.00', '0.00', '0.00', 1),
(887, 220, '-1349.86', '1349.86', '0.00', '0.00', '0.00', '0.00', '0.00', '0.00', 1),
(894, 219, '0.00', '0.00', '0.00', '0.00', '0.00', '0.00', '0.00', '0.00', 1),
(894, 220, '-3644.84', '3644.84', '0.00', '0.00', '0.00', '0.00', '0.00', '0.00', 1),
(898, 219, '0.00', '0.00', '0.00', '0.00', '0.00', '0.00', '0.00', '0.00', 1),
(898, 220, '-7559.31', '7559.31', '0.00', '0.00', '0.00', '0.00', '0.00', '0.00', 1),
(901, 219, '0.00', '0.00', '0.00', '0.00', '0.00', '0.00', '0.00', '0.00', 1),
(901, 220, '0.00', '0.00', '0.00', '0.00', '0.00', '0.00', '0.00', '0.00', 1),
(902, 219, '0.00', '0.00', '0.00', '0.00', '0.00', '0.00', '0.00', '0.00', 1),
(902, 220, '-974.93', '974.93', '0.00', '0.00', '0.00', '0.00', '0.00', '0.00', 1),
(904, 219, '0.00', '0.00', '0.00', '0.00', '0.00', '0.00', '0.00', '0.00', 1),
(904, 220, '-2572.29', '2572.29', '0.00', '0.00', '0.00', '0.00', '0.00', '0.00', 1),
(907, 219, '0.00', '0.00', '0.00', '0.00', '0.00', '0.00', '0.00', '0.00', 1),
(907, 220, '-6893.86', '6893.86', '0.00', '0.00', '0.00', '0.00', '0.00', '0.00', 1),
(909, 219, '0.00', '0.00', '0.00', '0.00', '0.00', '0.00', '0.00', '0.00', 1),
(909, 220, '-944.93', '944.93', '0.00', '0.00', '0.00', '0.00', '0.00', '0.00', 1),
(914, 219, '0.00', '0.00', '0.00', '0.00', '0.00', '0.00', '0.00', '0.00', 1),
(914, 220, '-5264.33', '5264.33', '0.00', '0.00', '0.00', '0.00', '0.00', '0.00', 1),
(915, 219, '0.00', '0.00', '0.00', '0.00', '0.00', '0.00', '0.00', '0.00', 1),
(915, 220, '-1274.86', '1274.86', '0.00', '0.00', '0.00', '0.00', '0.00', '0.00', 1),
(923, 219, '0.00', '0.00', '0.00', '0.00', '0.00', '0.00', '0.00', '0.00', 1),
(923, 220, '-1724.86', '1724.86', '0.00', '0.00', '0.00', '0.00', '0.00', '0.00', 1),
(925, 219, '0.00', '0.00', '0.00', '0.00', '0.00', '0.00', '0.00', '0.00', 1),
(925, 220, '-6899.41', '6899.41', '0.00', '0.00', '0.00', '0.00', '0.00', '0.00', 1),
(929, 219, '0.00', '0.00', '0.00', '0.00', '0.00', '0.00', '0.00', '0.00', 1),
(929, 220, '-13275.15', '13275.15', '0.00', '0.00', '0.00', '0.00', '0.00', '0.00', 1),
(932, 219, '0.00', '0.00', '0.00', '0.00', '0.00', '0.00', '0.00', '0.00', 1),
(932, 220, '-3549.66', '3549.66', '0.00', '0.00', '0.00', '0.00', '0.00', '0.00', 1),
(933, 219, '0.00', '0.00', '0.00', '0.00', '0.00', '0.00', '0.00', '0.00', 1),
(933, 220, '-3232.22', '3232.22', '0.00', '0.00', '0.00', '0.00', '0.00', '0.00', 1),
(939, 219, '0.00', '0.00', '0.00', '0.00', '0.00', '0.00', '0.00', '0.00', 1),
(939, 220, '-10021.55', '10021.55', '0.00', '0.00', '0.00', '0.00', '0.00', '0.00', 1),
(941, 219, '0.00', '0.00', '0.00', '0.00', '0.00', '0.00', '0.00', '0.00', 1),
(941, 220, '-4199.65', '4199.65', '0.00', '0.00', '0.00', '0.00', '0.00', '0.00', 1),
(943, 219, '0.00', '0.00', '0.00', '0.00', '0.00', '0.00', '0.00', '0.00', 1),
(943, 220, '-11533.93', '11533.93', '0.00', '0.00', '0.00', '0.00', '0.00', '0.00', 1),
(944, 219, '0.00', '0.00', '0.00', '0.00', '0.00', '0.00', '0.00', '0.00', 1),
(944, 220, '-7283.29', '7283.29', '0.00', '0.00', '0.00', '0.00', '0.00', '0.00', 1),
(948, 219, '0.00', '0.00', '0.00', '0.00', '0.00', '0.00', '0.00', '0.00', 1),
(948, 220, '-1094.86', '1094.86', '0.00', '0.00', '0.00', '0.00', '0.00', '0.00', 1),
(949, 219, '0.00', '0.00', '0.00', '0.00', '0.00', '0.00', '0.00', '0.00', 1),
(949, 220, '-3129.60', '3129.60', '0.00', '0.00', '0.00', '0.00', '0.00', '0.00', 1),
(958, 219, '0.00', '0.00', '0.00', '0.00', '0.00', '0.00', '0.00', '0.00', 1),
(958, 220, '-4537.15', '4537.15', '0.00', '0.00', '0.00', '0.00', '0.00', '0.00', 1),
(961, 219, '0.00', '0.00', '0.00', '0.00', '0.00', '0.00', '0.00', '0.00', 1),
(961, 220, '-674.93', '674.93', '0.00', '0.00', '0.00', '0.00', '0.00', '0.00', 1),
(963, 219, '0.00', '0.00', '0.00', '0.00', '0.00', '0.00', '0.00', '0.00', 1),
(963, 220, '-12102.00', '12102.00', '0.00', '0.00', '0.00', '0.00', '0.00', '0.00', 1),
(965, 219, '0.00', '0.00', '0.00', '0.00', '0.00', '0.00', '0.00', '0.00', 1),
(965, 220, '-2062.29', '2062.29', '0.00', '0.00', '0.00', '0.00', '0.00', '0.00', 1),
(972, 219, '0.00', '0.00', '0.00', '0.00', '0.00', '0.00', '0.00', '0.00', 1),
(972, 220, '-4054.71', '4054.71', '0.00', '0.00', '0.00', '0.00', '0.00', '0.00', 1),
(974, 219, '0.00', '0.00', '0.00', '0.00', '0.00', '0.00', '0.00', '0.00', 1),
(974, 220, '-3269.72', '3269.72', '0.00', '0.00', '0.00', '0.00', '0.00', '0.00', 1),
(975, 219, '0.00', '0.00', '0.00', '0.00', '0.00', '0.00', '0.00', '0.00', 1),
(975, 220, '-10231.06', '10231.06', '0.00', '0.00', '0.00', '0.00', '0.00', '0.00', 1),
(981, 219, '0.00', '0.00', '0.00', '0.00', '0.00', '0.00', '0.00', '0.00', 1),
(981, 220, '-13197.88', '13197.88', '0.00', '0.00', '0.00', '0.00', '0.00', '0.00', 1),
(984, 219, '0.00', '0.00', '0.00', '0.00', '0.00', '0.00', '0.00', '0.00', 1),
(984, 220, '-4177.09', '4177.09', '0.00', '0.00', '0.00', '0.00', '0.00', '0.00', 1),
(985, 219, '0.00', '0.00', '0.00', '0.00', '0.00', '0.00', '0.00', '0.00', 1),
(985, 220, '-24453.73', '24453.73', '0.00', '0.00', '0.00', '0.00', '0.00', '0.00', 1),
(986, 219, '0.00', '0.00', '0.00', '0.00', '0.00', '0.00', '0.00', '0.00', 1),
(986, 220, '-2834.64', '2834.64', '0.00', '0.00', '0.00', '0.00', '0.00', '0.00', 1),
(987, 219, '0.00', '0.00', '0.00', '0.00', '0.00', '0.00', '0.00', '0.00', 1),
(987, 220, '-1357.36', '1357.36', '0.00', '0.00', '0.00', '0.00', '0.00', '0.00', 1),
(989, 219, '0.00', '0.00', '0.00', '0.00', '0.00', '0.00', '0.00', '0.00', 1),
(989, 220, '-8644.60', '8644.60', '0.00', '0.00', '0.00', '0.00', '0.00', '0.00', 1),
(991, 219, '0.00', '0.00', '0.00', '0.00', '0.00', '0.00', '0.00', '0.00', 1),
(991, 220, '-9664.08', '9664.08', '0.00', '0.00', '0.00', '0.00', '0.00', '0.00', 1),
(1005, 219, '0.00', '0.00', '0.00', '0.00', '0.00', '0.00', '0.00', '0.00', 1),
(1005, 220, '-9006.84', '9006.84', '0.00', '0.00', '0.00', '0.00', '0.00', '0.00', 1),
(1006, 219, '0.00', '0.00', '0.00', '0.00', '0.00', '0.00', '0.00', '0.00', 1),
(1006, 220, '-5405.57', '5405.57', '0.00', '0.00', '0.00', '0.00', '0.00', '0.00', 1),
(1011, 219, '0.00', '0.00', '0.00', '0.00', '0.00', '0.00', '0.00', '0.00', 1),
(1011, 220, '-2579.75', '2579.75', '0.00', '0.00', '0.00', '0.00', '0.00', '0.00', 1),
(1013, 219, '0.00', '0.00', '0.00', '0.00', '0.00', '0.00', '0.00', '0.00', 1),
(1013, 220, '-9226.68', '9226.68', '0.00', '0.00', '0.00', '0.00', '0.00', '0.00', 1),
(1016, 219, '0.00', '0.00', '0.00', '0.00', '0.00', '0.00', '0.00', '0.00', 1),
(1016, 220, '-8146.14', '8146.14', '0.00', '0.00', '0.00', '0.00', '0.00', '0.00', 1),
(1019, 219, '0.00', '0.00', '0.00', '0.00', '0.00', '0.00', '0.00', '0.00', 1),
(1019, 220, '-8499.23', '8499.23', '0.00', '0.00', '0.00', '0.00', '0.00', '0.00', 1),
(1021, 219, '0.00', '0.00', '0.00', '0.00', '0.00', '0.00', '0.00', '0.00', 1),
(1021, 220, '-12036.82', '12036.82', '0.00', '0.00', '0.00', '0.00', '0.00', '0.00', 1),
(1022, 219, '0.00', '0.00', '0.00', '0.00', '0.00', '0.00', '0.00', '0.00', 1),
(1022, 220, '-6844.41', '6844.41', '0.00', '0.00', '0.00', '0.00', '0.00', '0.00', 1),
(1023, 219, '0.00', '0.00', '0.00', '0.00', '0.00', '0.00', '0.00', '0.00', 1),
(1023, 220, '-7384.43', '7384.43', '0.00', '0.00', '0.00', '0.00', '0.00', '0.00', 1);

--
-- Restricciones para tablas volcadas
--

--
-- Filtros para la tabla `articulos_devueltos`
--
ALTER TABLE `articulos_devueltos`
  ADD CONSTRAINT `articulos_devueltos_ibfk_1` FOREIGN KEY (`letra`) REFERENCES `articulos` (`letra`);

--
-- Filtros para la tabla `camps`
--
ALTER TABLE `camps`
  ADD CONSTRAINT `camps_ibfk_1` FOREIGN KEY (`cod_cat`) REFERENCES `catalogos` (`cod`);

--
-- Filtros para la tabla `clientes_preferenciales`
--
ALTER TABLE `clientes_preferenciales`
  ADD CONSTRAINT `clientes_preferenciales_ibfk_1` FOREIGN KEY (`id_lider`) REFERENCES `clientes_preferenciales` (`id_cp`);

--
-- Filtros para la tabla `comisiones`
--
ALTER TABLE `comisiones`
  ADD CONSTRAINT `comisiones_ibfk_1` FOREIGN KEY (`id_cp`) REFERENCES `clientes_preferenciales` (`id_cp`),
  ADD CONSTRAINT `comisiones_ibfk_2` FOREIGN KEY (`nro_camp`) REFERENCES `camps` (`nro_camp`);

--
-- Filtros para la tabla `devoluciones`
--
ALTER TABLE `devoluciones`
  ADD CONSTRAINT `devoluciones_ibfk_1` FOREIGN KEY (`id_cp`) REFERENCES `clientes_preferenciales` (`id_cp`),
  ADD CONSTRAINT `devoluciones_ibfk_2` FOREIGN KEY (`nro_camp`) REFERENCES `camps` (`nro_camp`),
  ADD CONSTRAINT `devoluciones_ibfk_3` FOREIGN KEY (`letra`) REFERENCES `articulos` (`letra`);

--
-- Filtros para la tabla `entregas_catalogos`
--
ALTER TABLE `entregas_catalogos`
  ADD CONSTRAINT `entregas_catalogos_ibfk_1` FOREIGN KEY (`id_cp`) REFERENCES `clientes_preferenciales` (`id_cp`),
  ADD CONSTRAINT `entregas_catalogos_ibfk_2` FOREIGN KEY (`cod_cat`) REFERENCES `catalogos` (`cod`);

--
-- Filtros para la tabla `observaciones`
--
ALTER TABLE `observaciones`
  ADD CONSTRAINT `observaciones_ibfk_1` FOREIGN KEY (`id_cp`) REFERENCES `clientes_preferenciales` (`id_cp`),
  ADD CONSTRAINT `observaciones_ibfk_2` FOREIGN KEY (`nro_camp`) REFERENCES `camps` (`nro_camp`);

--
-- Filtros para la tabla `pagos`
--
ALTER TABLE `pagos`
  ADD CONSTRAINT `pagos_ibfk_1` FOREIGN KEY (`id_cp`) REFERENCES `clientes_preferenciales` (`id_cp`),
  ADD CONSTRAINT `pagos_ibfk_2` FOREIGN KEY (`nro_camp`) REFERENCES `camps` (`nro_camp`);

--
-- Filtros para la tabla `pedidos`
--
ALTER TABLE `pedidos`
  ADD CONSTRAINT `pedidos_ibfk_1` FOREIGN KEY (`id_cp`) REFERENCES `clientes_preferenciales` (`id_cp`),
  ADD CONSTRAINT `pedidos_ibfk_2` FOREIGN KEY (`nro_camp`) REFERENCES `camps` (`nro_camp`),
  ADD CONSTRAINT `pedidos_ibfk_3` FOREIGN KEY (`letra`) REFERENCES `articulos` (`letra`);

--
-- Filtros para la tabla `recompras`
--
ALTER TABLE `recompras`
  ADD CONSTRAINT `recompras_ibfk_1` FOREIGN KEY (`id_cp`) REFERENCES `clientes_preferenciales` (`id_cp`),
  ADD CONSTRAINT `recompras_ibfk_2` FOREIGN KEY (`nro_camp`) REFERENCES `camps` (`nro_camp`),
  ADD CONSTRAINT `recompras_ibfk_3` FOREIGN KEY (`ejemplar`) REFERENCES `articulos_devueltos` (`ejemplar`);

--
-- Filtros para la tabla `saldos`
--
ALTER TABLE `saldos`
  ADD CONSTRAINT `saldos_ibfk_1` FOREIGN KEY (`id_cp`) REFERENCES `clientes_preferenciales` (`id_cp`),
  ADD CONSTRAINT `saldos_ibfk_2` FOREIGN KEY (`nro_camp`) REFERENCES `camps` (`nro_camp`);
COMMIT;

/*!40101 SET CHARACTER_SET_CLIENT=@OLD_CHARACTER_SET_CLIENT */;
/*!40101 SET CHARACTER_SET_RESULTS=@OLD_CHARACTER_SET_RESULTS */;
/*!40101 SET COLLATION_CONNECTION=@OLD_COLLATION_CONNECTION */;
